--- Starting fine-tuning for model_type: gpt2 ---
Model configured with LoRA:
trainable params: 294912 || all params: 124734720 || trainable%: 0.24
Starting training...
{'loss': '3.568', 'grad_norm': '0.3329', 'learning_rate': '0.0002', 'epoch': '0.0006034'}
{'loss': '3.682', 'grad_norm': '0.27', 'learning_rate': '0.0001999', 'epoch': '0.001207'}
{'loss': '3.584', 'grad_norm': '0.2493', 'learning_rate': '0.0001998', 'epoch': '0.00181'}
{'loss': '3.781', 'grad_norm': '0.3016', 'learning_rate': '0.0001996', 'epoch': '0.002414'}
{'loss': '3.342', 'grad_norm': '0.277', 'learning_rate': '0.0001995', 'epoch': '0.003017'}
{'loss': '3.321', 'grad_norm': '0.3032', 'learning_rate': '0.0001994', 'epoch': '0.00362'}
{'loss': '3.023', 'grad_norm': '0.2437', 'learning_rate': '0.0001993', 'epoch': '0.004224'}
{'loss': '3.497', 'grad_norm': '0.2904', 'learning_rate': '0.0001992', 'epoch': '0.004827'}
{'loss': '3.417', 'grad_norm': '0.1992', 'learning_rate': '0.000199', 'epoch': '0.005431'}
{'loss': '3.555', 'grad_norm': '0.3057', 'learning_rate': '0.0001989', 'epoch': '0.006034'}
{'loss': '3.188', 'grad_norm': '0.319', 'learning_rate': '0.0001988', 'epoch': '0.006638'}
{'loss': '3.689', 'grad_norm': '0.6724', 'learning_rate': '0.0001987', 'epoch': '0.007241'}
{'loss': '3.069', 'grad_norm': '0.4127', 'learning_rate': '0.0001986', 'epoch': '0.007844'}
{'loss': '3.222', 'grad_norm': '0.2765', 'learning_rate': '0.0001984', 'epoch': '0.008448'}
{'loss': '3.033', 'grad_norm': '0.366', 'learning_rate': '0.0001983', 'epoch': '0.009051'}
{'loss': '2.967', 'grad_norm': '0.3766', 'learning_rate': '0.0001982', 'epoch': '0.009655'}
{'loss': '2.924', 'grad_norm': '0.2988', 'learning_rate': '0.0001981', 'epoch': '0.01026'}
{'loss': '2.84', 'grad_norm': '0.5681', 'learning_rate': '0.0001979', 'epoch': '0.01086'}
{'loss': '2.929', 'grad_norm': '0.4039', 'learning_rate': '0.0001978', 'epoch': '0.01146'}
{'loss': '2.624', 'grad_norm': '0.3084', 'learning_rate': '0.0001977', 'epoch': '0.01207'}
{'loss': '2.986', 'grad_norm': '0.3166', 'learning_rate': '0.0001976', 'epoch': '0.01267'}
{'loss': '2.825', 'grad_norm': '0.3757', 'learning_rate': '0.0001975', 'epoch': '0.01328'}
{'loss': '2.876', 'grad_norm': '0.5876', 'learning_rate': '0.0001973', 'epoch': '0.01388'}
{'loss': '2.84', 'grad_norm': '0.3983', 'learning_rate': '0.0001972', 'epoch': '0.01448'}
{'loss': '3.279', 'grad_norm': '0.3423', 'learning_rate': '0.0001971', 'epoch': '0.01509'}
{'loss': '2.833', 'grad_norm': '0.3252', 'learning_rate': '0.000197', 'epoch': '0.01569'}
{'loss': '3.002', 'grad_norm': '0.4269', 'learning_rate': '0.0001969', 'epoch': '0.01629'}
{'loss': '2.647', 'grad_norm': '0.3362', 'learning_rate': '0.0001967', 'epoch': '0.0169'}
{'loss': '2.51', 'grad_norm': '0.3187', 'learning_rate': '0.0001966', 'epoch': '0.0175'}
{'loss': '2.776', 'grad_norm': '0.3464', 'learning_rate': '0.0001965', 'epoch': '0.0181'}
{'loss': '2.966', 'grad_norm': '0.321', 'learning_rate': '0.0001964', 'epoch': '0.01871'}
{'loss': '2.75', 'grad_norm': '0.3055', 'learning_rate': '0.0001963', 'epoch': '0.01931'}
{'loss': '2.101', 'grad_norm': '0.5571', 'learning_rate': '0.0001961', 'epoch': '0.01991'}
{'loss': '2.704', 'grad_norm': '0.2538', 'learning_rate': '0.000196', 'epoch': '0.02052'}
{'loss': '2.419', 'grad_norm': '0.3774', 'learning_rate': '0.0001959', 'epoch': '0.02112'}
{'loss': '2.587', 'grad_norm': '0.2646', 'learning_rate': '0.0001958', 'epoch': '0.02172'}
{'loss': '2.492', 'grad_norm': '0.2825', 'learning_rate': '0.0001957', 'epoch': '0.02233'}
{'loss': '2.155', 'grad_norm': '0.2774', 'learning_rate': '0.0001955', 'epoch': '0.02293'}
{'loss': '2.649', 'grad_norm': '0.3416', 'learning_rate': '0.0001954', 'epoch': '0.02353'}
{'loss': '2.368', 'grad_norm': '0.3404', 'learning_rate': '0.0001953', 'epoch': '0.02414'}
{'loss': '2.231', 'grad_norm': '0.3664', 'learning_rate': '0.0001952', 'epoch': '0.02474'}
{'loss': '1.887', 'grad_norm': '0.2484', 'learning_rate': '0.0001951', 'epoch': '0.02534'}
{'loss': '2.45', 'grad_norm': '0.2429', 'learning_rate': '0.0001949', 'epoch': '0.02595'}
{'loss': '2.523', 'grad_norm': '0.2811', 'learning_rate': '0.0001948', 'epoch': '0.02655'}
{'loss': '1.99', 'grad_norm': '0.3026', 'learning_rate': '0.0001947', 'epoch': '0.02715'}
{'loss': '2.477', 'grad_norm': '0.5604', 'learning_rate': '0.0001946', 'epoch': '0.02776'}
{'loss': '2.513', 'grad_norm': '0.2755', 'learning_rate': '0.0001945', 'epoch': '0.02836'}
{'loss': '2.378', 'grad_norm': '0.316', 'learning_rate': '0.0001943', 'epoch': '0.02896'}
{'loss': '2.134', 'grad_norm': '0.3036', 'learning_rate': '0.0001942', 'epoch': '0.02957'}
{'loss': '2.311', 'grad_norm': '0.3022', 'learning_rate': '0.0001941', 'epoch': '0.03017'}
{'loss': '2.549', 'grad_norm': '0.3566', 'learning_rate': '0.000194', 'epoch': '0.03077'}
{'loss': '2.163', 'grad_norm': '0.3858', 'learning_rate': '0.0001938', 'epoch': '0.03138'}
{'loss': '2.522', 'grad_norm': '0.3012', 'learning_rate': '0.0001937', 'epoch': '0.03198'}
{'loss': '2.244', 'grad_norm': '0.2914', 'learning_rate': '0.0001936', 'epoch': '0.03258'}
{'loss': '2.328', 'grad_norm': '0.3587', 'learning_rate': '0.0001935', 'epoch': '0.03319'}
{'loss': '2.619', 'grad_norm': '0.4295', 'learning_rate': '0.0001934', 'epoch': '0.03379'}
{'loss': '2.41', 'grad_norm': '0.3517', 'learning_rate': '0.0001932', 'epoch': '0.03439'}
{'loss': '2.217', 'grad_norm': '0.3533', 'learning_rate': '0.0001931', 'epoch': '0.035'}
{'loss': '2.427', 'grad_norm': '0.3638', 'learning_rate': '0.000193', 'epoch': '0.0356'}
{'loss': '2.602', 'grad_norm': '0.4385', 'learning_rate': '0.0001929', 'epoch': '0.0362'}
{'loss': '2.314', 'grad_norm': '0.3094', 'learning_rate': '0.0001928', 'epoch': '0.03681'}
{'loss': '2.665', 'grad_norm': '0.3252', 'learning_rate': '0.0001926', 'epoch': '0.03741'}
{'loss': '2.765', 'grad_norm': '0.4834', 'learning_rate': '0.0001925', 'epoch': '0.03801'}
{'loss': '2.435', 'grad_norm': '0.3008', 'learning_rate': '0.0001924', 'epoch': '0.03862'}
{'loss': '2.373', 'grad_norm': '0.2505', 'learning_rate': '0.0001923', 'epoch': '0.03922'}
{'loss': '2.392', 'grad_norm': '0.3295', 'learning_rate': '0.0001922', 'epoch': '0.03983'}
{'loss': '2.19', 'grad_norm': '0.3903', 'learning_rate': '0.000192', 'epoch': '0.04043'}
{'loss': '2.389', 'grad_norm': '0.5186', 'learning_rate': '0.0001919', 'epoch': '0.04103'}
{'loss': '2.675', 'grad_norm': '0.29', 'learning_rate': '0.0001918', 'epoch': '0.04164'}
{'loss': '2.747', 'grad_norm': '0.6039', 'learning_rate': '0.0001917', 'epoch': '0.04224'}
{'loss': '1.567', 'grad_norm': '0.4599', 'learning_rate': '0.0001916', 'epoch': '0.04284'}
{'loss': '1.899', 'grad_norm': '0.3235', 'learning_rate': '0.0001914', 'epoch': '0.04345'}
{'loss': '2.157', 'grad_norm': '0.2996', 'learning_rate': '0.0001913', 'epoch': '0.04405'}
{'loss': '2.51', 'grad_norm': '0.3624', 'learning_rate': '0.0001912', 'epoch': '0.04465'}
{'loss': '2.385', 'grad_norm': '0.3114', 'learning_rate': '0.0001911', 'epoch': '0.04526'}
{'loss': '2.856', 'grad_norm': '0.3954', 'learning_rate': '0.000191', 'epoch': '0.04586'}
{'loss': '2.179', 'grad_norm': '0.3706', 'learning_rate': '0.0001908', 'epoch': '0.04646'}
{'loss': '2.799', 'grad_norm': '0.5457', 'learning_rate': '0.0001907', 'epoch': '0.04707'}
{'loss': '2.038', 'grad_norm': '0.2553', 'learning_rate': '0.0001906', 'epoch': '0.04767'}
{'loss': '2.49', 'grad_norm': '0.3679', 'learning_rate': '0.0001905', 'epoch': '0.04827'}
{'loss': '2.21', 'grad_norm': '0.2472', 'learning_rate': '0.0001903', 'epoch': '0.04888'}
{'loss': '2.508', 'grad_norm': '0.3428', 'learning_rate': '0.0001902', 'epoch': '0.04948'}
{'loss': '2.202', 'grad_norm': '0.3954', 'learning_rate': '0.0001901', 'epoch': '0.05008'}
{'loss': '2.42', 'grad_norm': '0.2814', 'learning_rate': '0.00019', 'epoch': '0.05069'}
{'loss': '2.425', 'grad_norm': '0.3142', 'learning_rate': '0.0001899', 'epoch': '0.05129'}
{'loss': '2.808', 'grad_norm': '0.4986', 'learning_rate': '0.0001897', 'epoch': '0.05189'}
{'loss': '2.093', 'grad_norm': '0.4224', 'learning_rate': '0.0001896', 'epoch': '0.0525'}
{'loss': '1.88', 'grad_norm': '0.3782', 'learning_rate': '0.0001895', 'epoch': '0.0531'}
{'loss': '2.493', 'grad_norm': '0.3105', 'learning_rate': '0.0001894', 'epoch': '0.0537'}
{'loss': '2.566', 'grad_norm': '0.3545', 'learning_rate': '0.0001893', 'epoch': '0.05431'}
{'loss': '1.989', 'grad_norm': '0.3641', 'learning_rate': '0.0001891', 'epoch': '0.05491'}
{'loss': '2.364', 'grad_norm': '0.3218', 'learning_rate': '0.000189', 'epoch': '0.05551'}
{'loss': '2.339', 'grad_norm': '0.4144', 'learning_rate': '0.0001889', 'epoch': '0.05612'}
{'loss': '2.365', 'grad_norm': '0.3386', 'learning_rate': '0.0001888', 'epoch': '0.05672'}
{'loss': '2.002', 'grad_norm': '0.2834', 'learning_rate': '0.0001887', 'epoch': '0.05732'}
{'loss': '2.038', 'grad_norm': '0.3239', 'learning_rate': '0.0001885', 'epoch': '0.05793'}
{'loss': '2.446', 'grad_norm': '0.3649', 'learning_rate': '0.0001884', 'epoch': '0.05853'}
{'loss': '2.042', 'grad_norm': '0.3402', 'learning_rate': '0.0001883', 'epoch': '0.05913'}
{'loss': '2.25', 'grad_norm': '0.3481', 'learning_rate': '0.0001882', 'epoch': '0.05974'}
{'loss': '1.917', 'grad_norm': '0.3267', 'learning_rate': '0.0001881', 'epoch': '0.06034'}
{'loss': '2.013', 'grad_norm': '0.3673', 'learning_rate': '0.0001879', 'epoch': '0.06094'}
{'loss': '2.013', 'grad_norm': '0.3109', 'learning_rate': '0.0001878', 'epoch': '0.06155'}
{'loss': '2.392', 'grad_norm': '0.3546', 'learning_rate': '0.0001877', 'epoch': '0.06215'}
{'loss': '2.347', 'grad_norm': '0.2876', 'learning_rate': '0.0001876', 'epoch': '0.06275'}
{'loss': '1.844', 'grad_norm': '0.2756', 'learning_rate': '0.0001875', 'epoch': '0.06336'}
{'loss': '2.32', 'grad_norm': '0.4054', 'learning_rate': '0.0001873', 'epoch': '0.06396'}
{'loss': '1.829', 'grad_norm': '0.3696', 'learning_rate': '0.0001872', 'epoch': '0.06456'}
{'loss': '2.316', 'grad_norm': '0.2837', 'learning_rate': '0.0001871', 'epoch': '0.06517'}
{'loss': '2.046', 'grad_norm': '0.3611', 'learning_rate': '0.000187', 'epoch': '0.06577'}
{'loss': '1.863', 'grad_norm': '0.2719', 'learning_rate': '0.0001869', 'epoch': '0.06638'}
{'loss': '2.286', 'grad_norm': '0.3842', 'learning_rate': '0.0001867', 'epoch': '0.06698'}
{'loss': '2.037', 'grad_norm': '0.3569', 'learning_rate': '0.0001866', 'epoch': '0.06758'}
{'loss': '2.293', 'grad_norm': '0.3558', 'learning_rate': '0.0001865', 'epoch': '0.06819'}
{'loss': '2.952', 'grad_norm': '0.3898', 'learning_rate': '0.0001864', 'epoch': '0.06879'}
{'loss': '2.312', 'grad_norm': '0.3468', 'learning_rate': '0.0001862', 'epoch': '0.06939'}
{'loss': '1.941', 'grad_norm': '0.2966', 'learning_rate': '0.0001861', 'epoch': '0.07'}
{'loss': '1.981', 'grad_norm': '0.3611', 'learning_rate': '0.000186', 'epoch': '0.0706'}
{'loss': '2.232', 'grad_norm': '0.4498', 'learning_rate': '0.0001859', 'epoch': '0.0712'}
{'loss': '1.966', 'grad_norm': '0.2367', 'learning_rate': '0.0001858', 'epoch': '0.07181'}
{'loss': '2.122', 'grad_norm': '0.4492', 'learning_rate': '0.0001856', 'epoch': '0.07241'}
{'loss': '2.408', 'grad_norm': '0.3464', 'learning_rate': '0.0001855', 'epoch': '0.07301'}
{'loss': '2.499', 'grad_norm': '0.4384', 'learning_rate': '0.0001854', 'epoch': '0.07362'}
{'loss': '2.276', 'grad_norm': '0.3146', 'learning_rate': '0.0001853', 'epoch': '0.07422'}
{'loss': '2.004', 'grad_norm': '0.3361', 'learning_rate': '0.0001852', 'epoch': '0.07482'}
{'loss': '2.397', 'grad_norm': '0.2674', 'learning_rate': '0.000185', 'epoch': '0.07543'}
{'loss': '2.121', 'grad_norm': '0.3475', 'learning_rate': '0.0001849', 'epoch': '0.07603'}
{'loss': '2.168', 'grad_norm': '0.3222', 'learning_rate': '0.0001848', 'epoch': '0.07663'}
{'loss': '2.133', 'grad_norm': '0.3377', 'learning_rate': '0.0001847', 'epoch': '0.07724'}
{'loss': '2.142', 'grad_norm': '0.3432', 'learning_rate': '0.0001846', 'epoch': '0.07784'}
{'loss': '2.252', 'grad_norm': '0.3383', 'learning_rate': '0.0001844', 'epoch': '0.07844'}
{'loss': '2.088', 'grad_norm': '0.3733', 'learning_rate': '0.0001843', 'epoch': '0.07905'}
{'loss': '2.792', 'grad_norm': '0.3951', 'learning_rate': '0.0001842', 'epoch': '0.07965'}
{'loss': '1.884', 'grad_norm': '0.2863', 'learning_rate': '0.0001841', 'epoch': '0.08025'}
{'loss': '2.222', 'grad_norm': '0.4048', 'learning_rate': '0.000184', 'epoch': '0.08086'}
{'loss': '2.077', 'grad_norm': '0.4159', 'learning_rate': '0.0001838', 'epoch': '0.08146'}
{'loss': '2.221', 'grad_norm': '0.3715', 'learning_rate': '0.0001837', 'epoch': '0.08206'}
{'loss': '2.133', 'grad_norm': '0.3266', 'learning_rate': '0.0001836', 'epoch': '0.08267'}
{'loss': '2.154', 'grad_norm': '0.2869', 'learning_rate': '0.0001835', 'epoch': '0.08327'}
{'loss': '2.477', 'grad_norm': '0.5034', 'learning_rate': '0.0001834', 'epoch': '0.08387'}
{'loss': '2.19', 'grad_norm': '0.2976', 'learning_rate': '0.0001832', 'epoch': '0.08448'}
{'loss': '2.536', 'grad_norm': '0.342', 'learning_rate': '0.0001831', 'epoch': '0.08508'}
{'loss': '2.073', 'grad_norm': '0.3711', 'learning_rate': '0.000183', 'epoch': '0.08568'}
{'loss': '2.116', 'grad_norm': '0.3656', 'learning_rate': '0.0001829', 'epoch': '0.08629'}
{'loss': '2.462', 'grad_norm': '0.3702', 'learning_rate': '0.0001828', 'epoch': '0.08689'}
{'loss': '1.683', 'grad_norm': '0.4059', 'learning_rate': '0.0001826', 'epoch': '0.08749'}
{'loss': '2.574', 'grad_norm': '0.4458', 'learning_rate': '0.0001825', 'epoch': '0.0881'}
{'loss': '2.555', 'grad_norm': '0.3585', 'learning_rate': '0.0001824', 'epoch': '0.0887'}
{'loss': '2.803', 'grad_norm': '0.2998', 'learning_rate': '0.0001823', 'epoch': '0.0893'}
{'loss': '2.038', 'grad_norm': '0.3288', 'learning_rate': '0.0001821', 'epoch': '0.08991'}
{'loss': '2.047', 'grad_norm': '0.2888', 'learning_rate': '0.000182', 'epoch': '0.09051'}
{'loss': '1.907', 'grad_norm': '0.3693', 'learning_rate': '0.0001819', 'epoch': '0.09111'}
{'loss': '2.309', 'grad_norm': '0.3594', 'learning_rate': '0.0001818', 'epoch': '0.09172'}
{'loss': '2.132', 'grad_norm': '0.4434', 'learning_rate': '0.0001817', 'epoch': '0.09232'}
{'loss': '2.033', 'grad_norm': '0.4354', 'learning_rate': '0.0001815', 'epoch': '0.09293'}
{'loss': '2.404', 'grad_norm': '0.4018', 'learning_rate': '0.0001814', 'epoch': '0.09353'}
{'loss': '2.303', 'grad_norm': '0.5054', 'learning_rate': '0.0001813', 'epoch': '0.09413'}
{'loss': '2.188', 'grad_norm': '0.3077', 'learning_rate': '0.0001812', 'epoch': '0.09474'}
{'loss': '2.315', 'grad_norm': '0.3396', 'learning_rate': '0.0001811', 'epoch': '0.09534'}
{'loss': '2.185', 'grad_norm': '0.3386', 'learning_rate': '0.0001809', 'epoch': '0.09594'}
{'loss': '2.684', 'grad_norm': '0.4406', 'learning_rate': '0.0001808', 'epoch': '0.09655'}
{'loss': '2.155', 'grad_norm': '0.4187', 'learning_rate': '0.0001807', 'epoch': '0.09715'}
{'loss': '2.415', 'grad_norm': '0.3066', 'learning_rate': '0.0001806', 'epoch': '0.09775'}
{'loss': '2.4', 'grad_norm': '0.3548', 'learning_rate': '0.0001805', 'epoch': '0.09836'}
{'loss': '2.355', 'grad_norm': '0.4406', 'learning_rate': '0.0001803', 'epoch': '0.09896'}
{'loss': '2.512', 'grad_norm': '0.4374', 'learning_rate': '0.0001802', 'epoch': '0.09956'}
{'loss': '2.635', 'grad_norm': '0.5067', 'learning_rate': '0.0001801', 'epoch': '0.1002'}
{'loss': '2.497', 'grad_norm': '0.4003', 'learning_rate': '0.00018', 'epoch': '0.1008'}
{'loss': '2.083', 'grad_norm': '0.4058', 'learning_rate': '0.0001799', 'epoch': '0.1014'}
{'loss': '2.164', 'grad_norm': '0.4398', 'learning_rate': '0.0001797', 'epoch': '0.102'}
{'loss': '2.037', 'grad_norm': '0.3924', 'learning_rate': '0.0001796', 'epoch': '0.1026'}
{'loss': '2.029', 'grad_norm': '0.4567', 'learning_rate': '0.0001795', 'epoch': '0.1032'}
{'loss': '1.92', 'grad_norm': '0.3341', 'learning_rate': '0.0001794', 'epoch': '0.1038'}
{'loss': '2.442', 'grad_norm': '0.5279', 'learning_rate': '0.0001793', 'epoch': '0.1044'}
{'loss': '2.261', 'grad_norm': '0.4076', 'learning_rate': '0.0001791', 'epoch': '0.105'}
{'loss': '1.902', 'grad_norm': '0.4126', 'learning_rate': '0.000179', 'epoch': '0.1056'}
{'loss': '1.639', 'grad_norm': '0.3377', 'learning_rate': '0.0001789', 'epoch': '0.1062'}
{'loss': '2.129', 'grad_norm': '0.403', 'learning_rate': '0.0001788', 'epoch': '0.1068'}
{'loss': '2.217', 'grad_norm': '0.4354', 'learning_rate': '0.0001786', 'epoch': '0.1074'}
{'loss': '2.976', 'grad_norm': '0.4559', 'learning_rate': '0.0001785', 'epoch': '0.108'}
{'loss': '1.944', 'grad_norm': '0.4039', 'learning_rate': '0.0001784', 'epoch': '0.1086'}
{'loss': '1.989', 'grad_norm': '0.7168', 'learning_rate': '0.0001783', 'epoch': '0.1092'}
{'loss': '2.72', 'grad_norm': '0.3285', 'learning_rate': '0.0001782', 'epoch': '0.1098'}
{'loss': '1.89', 'grad_norm': '0.2885', 'learning_rate': '0.000178', 'epoch': '0.1104'}
{'loss': '2.006', 'grad_norm': '0.481', 'learning_rate': '0.0001779', 'epoch': '0.111'}
{'loss': '1.981', 'grad_norm': '0.3151', 'learning_rate': '0.0001778', 'epoch': '0.1116'}
{'loss': '2.14', 'grad_norm': '0.4132', 'learning_rate': '0.0001777', 'epoch': '0.1122'}
{'loss': '2.648', 'grad_norm': '0.6585', 'learning_rate': '0.0001776', 'epoch': '0.1128'}
{'loss': '2.325', 'grad_norm': '0.384', 'learning_rate': '0.0001774', 'epoch': '0.1134'}
{'loss': '2.39', 'grad_norm': '0.4613', 'learning_rate': '0.0001773', 'epoch': '0.114'}
{'loss': '2.583', 'grad_norm': '0.4327', 'learning_rate': '0.0001772', 'epoch': '0.1146'}
{'loss': '2.35', 'grad_norm': '0.3196', 'learning_rate': '0.0001771', 'epoch': '0.1153'}
{'loss': '1.988', 'grad_norm': '0.381', 'learning_rate': '0.000177', 'epoch': '0.1159'}
{'loss': '2.253', 'grad_norm': '0.3044', 'learning_rate': '0.0001768', 'epoch': '0.1165'}
{'loss': '2.197', 'grad_norm': '0.2964', 'learning_rate': '0.0001767', 'epoch': '0.1171'}
{'loss': '2.498', 'grad_norm': '0.5028', 'learning_rate': '0.0001766', 'epoch': '0.1177'}
{'loss': '2.034', 'grad_norm': '0.3686', 'learning_rate': '0.0001765', 'epoch': '0.1183'}
{'loss': '1.53', 'grad_norm': '0.3021', 'learning_rate': '0.0001764', 'epoch': '0.1189'}
{'loss': '1.486', 'grad_norm': '0.3814', 'learning_rate': '0.0001762', 'epoch': '0.1195'}
{'loss': '2.345', 'grad_norm': '0.4423', 'learning_rate': '0.0001761', 'epoch': '0.1201'}
{'loss': '1.931', 'grad_norm': '2.064', 'learning_rate': '0.000176', 'epoch': '0.1207'}
{'loss': '2.183', 'grad_norm': '0.3396', 'learning_rate': '0.0001759', 'epoch': '0.1213'}
{'loss': '1.809', 'grad_norm': '0.3668', 'learning_rate': '0.0001758', 'epoch': '0.1219'}
{'loss': '2.173', 'grad_norm': '0.3171', 'learning_rate': '0.0001756', 'epoch': '0.1225'}
{'loss': '2.632', 'grad_norm': '0.484', 'learning_rate': '0.0001755', 'epoch': '0.1231'}
{'loss': '2.837', 'grad_norm': '0.3482', 'learning_rate': '0.0001754', 'epoch': '0.1237'}
{'loss': '1.727', 'grad_norm': '0.3112', 'learning_rate': '0.0001753', 'epoch': '0.1243'}
{'loss': '2.413', 'grad_norm': '0.4027', 'learning_rate': '0.0001752', 'epoch': '0.1249'}
{'loss': '2.215', 'grad_norm': '0.4043', 'learning_rate': '0.000175', 'epoch': '0.1255'}
{'loss': '1.978', 'grad_norm': '0.4375', 'learning_rate': '0.0001749', 'epoch': '0.1261'}
{'loss': '2.224', 'grad_norm': '0.4649', 'learning_rate': '0.0001748', 'epoch': '0.1267'}
{'loss': '2.292', 'grad_norm': '0.3133', 'learning_rate': '0.0001747', 'epoch': '0.1273'}
{'loss': '2.598', 'grad_norm': '0.5245', 'learning_rate': '0.0001745', 'epoch': '0.1279'}
{'loss': '2.279', 'grad_norm': '0.3449', 'learning_rate': '0.0001744', 'epoch': '0.1285'}
{'loss': '2.32', 'grad_norm': '0.3242', 'learning_rate': '0.0001743', 'epoch': '0.1291'}
{'loss': '2.239', 'grad_norm': '0.3736', 'learning_rate': '0.0001742', 'epoch': '0.1297'}
{'loss': '2.395', 'grad_norm': '1.254', 'learning_rate': '0.0001741', 'epoch': '0.1303'}
{'loss': '2.257', 'grad_norm': '0.3719', 'learning_rate': '0.0001739', 'epoch': '0.1309'}
{'loss': '2.585', 'grad_norm': '0.5894', 'learning_rate': '0.0001738', 'epoch': '0.1315'}
{'loss': '2.52', 'grad_norm': '0.3826', 'learning_rate': '0.0001737', 'epoch': '0.1321'}
{'loss': '2.256', 'grad_norm': '0.4062', 'learning_rate': '0.0001736', 'epoch': '0.1328'}
{'loss': '2.029', 'grad_norm': '0.3203', 'learning_rate': '0.0001735', 'epoch': '0.1334'}
{'loss': '2.065', 'grad_norm': '0.3079', 'learning_rate': '0.0001733', 'epoch': '0.134'}
{'loss': '2.331', 'grad_norm': '0.3304', 'learning_rate': '0.0001732', 'epoch': '0.1346'}
{'loss': '2.407', 'grad_norm': '0.3511', 'learning_rate': '0.0001731', 'epoch': '0.1352'}
{'loss': '2.077', 'grad_norm': '0.412', 'learning_rate': '0.000173', 'epoch': '0.1358'}
{'loss': '2.196', 'grad_norm': '0.3368', 'learning_rate': '0.0001729', 'epoch': '0.1364'}
{'loss': '2.086', 'grad_norm': '0.4133', 'learning_rate': '0.0001727', 'epoch': '0.137'}
{'loss': '2.132', 'grad_norm': '0.4612', 'learning_rate': '0.0001726', 'epoch': '0.1376'}
{'loss': '2.108', 'grad_norm': '0.4776', 'learning_rate': '0.0001725', 'epoch': '0.1382'}
{'loss': '2.149', 'grad_norm': '0.388', 'learning_rate': '0.0001724', 'epoch': '0.1388'}
{'loss': '2.152', 'grad_norm': '0.3378', 'learning_rate': '0.0001723', 'epoch': '0.1394'}
{'loss': '2.095', 'grad_norm': '0.4309', 'learning_rate': '0.0001721', 'epoch': '0.14'}
{'loss': '1.987', 'grad_norm': '0.598', 'learning_rate': '0.000172', 'epoch': '0.1406'}
{'loss': '2.406', 'grad_norm': '0.3353', 'learning_rate': '0.0001719', 'epoch': '0.1412'}
{'loss': '2.328', 'grad_norm': '0.4934', 'learning_rate': '0.0001718', 'epoch': '0.1418'}
{'loss': '2.125', 'grad_norm': '0.3466', 'learning_rate': '0.0001717', 'epoch': '0.1424'}
{'loss': '1.751', 'grad_norm': '0.4187', 'learning_rate': '0.0001715', 'epoch': '0.143'}
{'loss': '1.806', 'grad_norm': '0.3923', 'learning_rate': '0.0001714', 'epoch': '0.1436'}
{'loss': '2.179', 'grad_norm': '0.3829', 'learning_rate': '0.0001713', 'epoch': '0.1442'}
{'loss': '2.311', 'grad_norm': '0.3673', 'learning_rate': '0.0001712', 'epoch': '0.1448'}
{'loss': '2.533', 'grad_norm': '0.3256', 'learning_rate': '0.000171', 'epoch': '0.1454'}
{'loss': '2.129', 'grad_norm': '0.5488', 'learning_rate': '0.0001709', 'epoch': '0.146'}
{'loss': '2.312', 'grad_norm': '0.3891', 'learning_rate': '0.0001708', 'epoch': '0.1466'}
{'loss': '1.792', 'grad_norm': '0.4145', 'learning_rate': '0.0001707', 'epoch': '0.1472'}
{'loss': '2.083', 'grad_norm': '0.3986', 'learning_rate': '0.0001706', 'epoch': '0.1478'}
{'loss': '1.79', 'grad_norm': '0.2828', 'learning_rate': '0.0001704', 'epoch': '0.1484'}
{'loss': '1.806', 'grad_norm': '0.397', 'learning_rate': '0.0001703', 'epoch': '0.149'}
{'loss': '1.955', 'grad_norm': '0.4305', 'learning_rate': '0.0001702', 'epoch': '0.1496'}
{'loss': '1.958', 'grad_norm': '0.5722', 'learning_rate': '0.0001701', 'epoch': '0.1502'}
{'loss': '1.66', 'grad_norm': '0.4003', 'learning_rate': '0.00017', 'epoch': '0.1509'}
{'loss': '2.644', 'grad_norm': '0.6212', 'learning_rate': '0.0001698', 'epoch': '0.1515'}
{'loss': '2.076', 'grad_norm': '0.5724', 'learning_rate': '0.0001697', 'epoch': '0.1521'}
{'loss': '2.348', 'grad_norm': '0.5857', 'learning_rate': '0.0001696', 'epoch': '0.1527'}
{'loss': '2.789', 'grad_norm': '0.4084', 'learning_rate': '0.0001695', 'epoch': '0.1533'}
{'loss': '1.807', 'grad_norm': '0.3488', 'learning_rate': '0.0001694', 'epoch': '0.1539'}
{'loss': '2.09', 'grad_norm': '0.381', 'learning_rate': '0.0001692', 'epoch': '0.1545'}
{'loss': '1.716', 'grad_norm': '0.6119', 'learning_rate': '0.0001691', 'epoch': '0.1551'}
{'loss': '2.597', 'grad_norm': '0.4155', 'learning_rate': '0.000169', 'epoch': '0.1557'}
{'loss': '1.99', 'grad_norm': '0.3816', 'learning_rate': '0.0001689', 'epoch': '0.1563'}
{'loss': '2.094', 'grad_norm': '0.3855', 'learning_rate': '0.0001688', 'epoch': '0.1569'}
{'loss': '2.169', 'grad_norm': '0.4428', 'learning_rate': '0.0001686', 'epoch': '0.1575'}
{'loss': '2.634', 'grad_norm': '0.4771', 'learning_rate': '0.0001685', 'epoch': '0.1581'}
{'loss': '2.15', 'grad_norm': '0.3916', 'learning_rate': '0.0001684', 'epoch': '0.1587'}
{'loss': '2.242', 'grad_norm': '0.4161', 'learning_rate': '0.0001683', 'epoch': '0.1593'}
{'loss': '2.749', 'grad_norm': '0.5232', 'learning_rate': '0.0001682', 'epoch': '0.1599'}
{'loss': '2.45', 'grad_norm': '0.5205', 'learning_rate': '0.000168', 'epoch': '0.1605'}
{'loss': '2.036', 'grad_norm': '0.3698', 'learning_rate': '0.0001679', 'epoch': '0.1611'}
{'loss': '1.876', 'grad_norm': '0.3402', 'learning_rate': '0.0001678', 'epoch': '0.1617'}
{'loss': '2.485', 'grad_norm': '0.4816', 'learning_rate': '0.0001677', 'epoch': '0.1623'}
{'loss': '2.108', 'grad_norm': '0.3929', 'learning_rate': '0.0001676', 'epoch': '0.1629'}
{'loss': '2.412', 'grad_norm': '0.4548', 'learning_rate': '0.0001674', 'epoch': '0.1635'}
{'loss': '2.014', 'grad_norm': '0.3194', 'learning_rate': '0.0001673', 'epoch': '0.1641'}
{'loss': '1.965', 'grad_norm': '0.4563', 'learning_rate': '0.0001672', 'epoch': '0.1647'}
{'loss': '2.443', 'grad_norm': '0.3704', 'learning_rate': '0.0001671', 'epoch': '0.1653'}
{'loss': '2.449', 'grad_norm': '0.542', 'learning_rate': '0.0001669', 'epoch': '0.1659'}
{'loss': '1.826', 'grad_norm': '0.402', 'learning_rate': '0.0001668', 'epoch': '0.1665'}
{'loss': '2.364', 'grad_norm': '0.4718', 'learning_rate': '0.0001667', 'epoch': '0.1671'}
{'loss': '2.031', 'grad_norm': '0.3828', 'learning_rate': '0.0001666', 'epoch': '0.1677'}
{'loss': '2.068', 'grad_norm': '0.3406', 'learning_rate': '0.0001665', 'epoch': '0.1684'}
{'loss': '2.024', 'grad_norm': '0.376', 'learning_rate': '0.0001663', 'epoch': '0.169'}
{'loss': '2.307', 'grad_norm': '0.3713', 'learning_rate': '0.0001662', 'epoch': '0.1696'}
{'loss': '1.817', 'grad_norm': '0.3714', 'learning_rate': '0.0001661', 'epoch': '0.1702'}
{'loss': '2.606', 'grad_norm': '0.5327', 'learning_rate': '0.000166', 'epoch': '0.1708'}
{'loss': '2.26', 'grad_norm': '0.412', 'learning_rate': '0.0001659', 'epoch': '0.1714'}
{'loss': '1.76', 'grad_norm': '0.5059', 'learning_rate': '0.0001657', 'epoch': '0.172'}
{'loss': '1.921', 'grad_norm': '0.354', 'learning_rate': '0.0001656', 'epoch': '0.1726'}
{'loss': '2.06', 'grad_norm': '0.381', 'learning_rate': '0.0001655', 'epoch': '0.1732'}
{'loss': '2.358', 'grad_norm': '0.4056', 'learning_rate': '0.0001654', 'epoch': '0.1738'}
{'loss': '2.384', 'grad_norm': '0.3964', 'learning_rate': '0.0001653', 'epoch': '0.1744'}
{'loss': '2.19', 'grad_norm': '0.3449', 'learning_rate': '0.0001651', 'epoch': '0.175'}
{'loss': '1.592', 'grad_norm': '0.4232', 'learning_rate': '0.000165', 'epoch': '0.1756'}
{'loss': '1.818', 'grad_norm': '0.5711', 'learning_rate': '0.0001649', 'epoch': '0.1762'}
{'loss': '2.218', 'grad_norm': '0.4868', 'learning_rate': '0.0001648', 'epoch': '0.1768'}
{'loss': '2.001', 'grad_norm': '0.5096', 'learning_rate': '0.0001647', 'epoch': '0.1774'}
{'loss': '2.31', 'grad_norm': '0.5018', 'learning_rate': '0.0001645', 'epoch': '0.178'}
{'loss': '2.222', 'grad_norm': '0.5057', 'learning_rate': '0.0001644', 'epoch': '0.1786'}
{'loss': '2.278', 'grad_norm': '0.466', 'learning_rate': '0.0001643', 'epoch': '0.1792'}
{'loss': '2.332', 'grad_norm': '0.6661', 'learning_rate': '0.0001642', 'epoch': '0.1798'}
{'loss': '2.086', 'grad_norm': '0.457', 'learning_rate': '0.0001641', 'epoch': '0.1804'}
{'loss': '1.859', 'grad_norm': '0.498', 'learning_rate': '0.0001639', 'epoch': '0.181'}
{'loss': '1.962', 'grad_norm': '0.3512', 'learning_rate': '0.0001638', 'epoch': '0.1816'}
{'loss': '2.633', 'grad_norm': '0.4407', 'learning_rate': '0.0001637', 'epoch': '0.1822'}
{'loss': '1.782', 'grad_norm': '0.5292', 'learning_rate': '0.0001636', 'epoch': '0.1828'}
{'loss': '2.104', 'grad_norm': '0.4643', 'learning_rate': '0.0001634', 'epoch': '0.1834'}
{'loss': '2.111', 'grad_norm': '0.4211', 'learning_rate': '0.0001633', 'epoch': '0.184'}
{'loss': '2.38', 'grad_norm': '0.4523', 'learning_rate': '0.0001632', 'epoch': '0.1846'}
{'loss': '2.487', 'grad_norm': '0.5288', 'learning_rate': '0.0001631', 'epoch': '0.1852'}
{'loss': '2.049', 'grad_norm': '0.3431', 'learning_rate': '0.000163', 'epoch': '0.1859'}
{'loss': '2.072', 'grad_norm': '0.4708', 'learning_rate': '0.0001628', 'epoch': '0.1865'}
{'loss': '2.106', 'grad_norm': '0.4574', 'learning_rate': '0.0001627', 'epoch': '0.1871'}
{'loss': '2.192', 'grad_norm': '0.4884', 'learning_rate': '0.0001626', 'epoch': '0.1877'}
{'loss': '2.038', 'grad_norm': '0.4669', 'learning_rate': '0.0001625', 'epoch': '0.1883'}
{'loss': '2.518', 'grad_norm': '0.5396', 'learning_rate': '0.0001624', 'epoch': '0.1889'}
{'loss': '2.115', 'grad_norm': '0.5084', 'learning_rate': '0.0001622', 'epoch': '0.1895'}
{'loss': '2.316', 'grad_norm': '0.3772', 'learning_rate': '0.0001621', 'epoch': '0.1901'}
{'loss': '2.118', 'grad_norm': '0.4425', 'learning_rate': '0.000162', 'epoch': '0.1907'}
{'loss': '2.058', 'grad_norm': '0.4932', 'learning_rate': '0.0001619', 'epoch': '0.1913'}
{'loss': '1.848', 'grad_norm': '0.3029', 'learning_rate': '0.0001618', 'epoch': '0.1919'}
{'loss': '1.881', 'grad_norm': '0.3171', 'learning_rate': '0.0001616', 'epoch': '0.1925'}
{'loss': '2.571', 'grad_norm': '0.5279', 'learning_rate': '0.0001615', 'epoch': '0.1931'}
{'loss': '2.446', 'grad_norm': '0.3665', 'learning_rate': '0.0001614', 'epoch': '0.1937'}
{'loss': '1.667', 'grad_norm': '0.3607', 'learning_rate': '0.0001613', 'epoch': '0.1943'}
{'loss': '1.949', 'grad_norm': '0.3703', 'learning_rate': '0.0001612', 'epoch': '0.1949'}
{'loss': '2.434', 'grad_norm': '0.529', 'learning_rate': '0.000161', 'epoch': '0.1955'}
{'loss': '2.241', 'grad_norm': '0.5447', 'learning_rate': '0.0001609', 'epoch': '0.1961'}
{'loss': '2.429', 'grad_norm': '0.3965', 'learning_rate': '0.0001608', 'epoch': '0.1967'}
{'loss': '1.716', 'grad_norm': '0.3825', 'learning_rate': '0.0001607', 'epoch': '0.1973'}
{'loss': '1.637', 'grad_norm': '0.6269', 'learning_rate': '0.0001606', 'epoch': '0.1979'}
{'loss': '2.309', 'grad_norm': '0.3989', 'learning_rate': '0.0001604', 'epoch': '0.1985'}
{'loss': '2.343', 'grad_norm': '0.3849', 'learning_rate': '0.0001603', 'epoch': '0.1991'}
{'loss': '2.031', 'grad_norm': '0.3334', 'learning_rate': '0.0001602', 'epoch': '0.1997'}
{'loss': '2.078', 'grad_norm': '0.3947', 'learning_rate': '0.0001601', 'epoch': '0.2003'}
{'loss': '2.221', 'grad_norm': '0.5687', 'learning_rate': '0.00016', 'epoch': '0.2009'}
{'loss': '2.564', 'grad_norm': '0.5758', 'learning_rate': '0.0001598', 'epoch': '0.2015'}
{'loss': '1.967', 'grad_norm': '0.4466', 'learning_rate': '0.0001597', 'epoch': '0.2021'}
{'loss': '2.026', 'grad_norm': '0.5283', 'learning_rate': '0.0001596', 'epoch': '0.2027'}
{'loss': '1.936', 'grad_norm': '0.4791', 'learning_rate': '0.0001595', 'epoch': '0.2033'}
{'loss': '1.876', 'grad_norm': '0.3603', 'learning_rate': '0.0001593', 'epoch': '0.204'}
{'loss': '2.333', 'grad_norm': '0.4211', 'learning_rate': '0.0001592', 'epoch': '0.2046'}
{'loss': '1.989', 'grad_norm': '0.5111', 'learning_rate': '0.0001591', 'epoch': '0.2052'}
{'loss': '1.81', 'grad_norm': '0.3297', 'learning_rate': '0.000159', 'epoch': '0.2058'}
{'loss': '2.314', 'grad_norm': '0.3981', 'learning_rate': '0.0001589', 'epoch': '0.2064'}
{'loss': '1.929', 'grad_norm': '0.4605', 'learning_rate': '0.0001587', 'epoch': '0.207'}
{'loss': '1.995', 'grad_norm': '0.361', 'learning_rate': '0.0001586', 'epoch': '0.2076'}
{'loss': '2.293', 'grad_norm': '0.4161', 'learning_rate': '0.0001585', 'epoch': '0.2082'}
{'loss': '2.034', 'grad_norm': '0.3995', 'learning_rate': '0.0001584', 'epoch': '0.2088'}
{'loss': '1.886', 'grad_norm': '0.4118', 'learning_rate': '0.0001583', 'epoch': '0.2094'}
{'loss': '2.215', 'grad_norm': '0.3827', 'learning_rate': '0.0001581', 'epoch': '0.21'}
{'loss': '2.257', 'grad_norm': '0.3676', 'learning_rate': '0.000158', 'epoch': '0.2106'}
{'loss': '1.85', 'grad_norm': '0.4255', 'learning_rate': '0.0001579', 'epoch': '0.2112'}
{'loss': '2.264', 'grad_norm': '0.5515', 'learning_rate': '0.0001578', 'epoch': '0.2118'}
{'loss': '2.433', 'grad_norm': '0.4233', 'learning_rate': '0.0001577', 'epoch': '0.2124'}
{'loss': '1.912', 'grad_norm': '0.5973', 'learning_rate': '0.0001575', 'epoch': '0.213'}
{'loss': '2.488', 'grad_norm': '0.4332', 'learning_rate': '0.0001574', 'epoch': '0.2136'}
{'loss': '1.812', 'grad_norm': '0.3927', 'learning_rate': '0.0001573', 'epoch': '0.2142'}
{'loss': '2.135', 'grad_norm': '0.4427', 'learning_rate': '0.0001572', 'epoch': '0.2148'}
{'loss': '1.847', 'grad_norm': '0.4039', 'learning_rate': '0.0001571', 'epoch': '0.2154'}
{'loss': '2.533', 'grad_norm': '0.4291', 'learning_rate': '0.0001569', 'epoch': '0.216'}
{'loss': '2.656', 'grad_norm': '0.496', 'learning_rate': '0.0001568', 'epoch': '0.2166'}
{'loss': '2.33', 'grad_norm': '0.4708', 'learning_rate': '0.0001567', 'epoch': '0.2172'}
{'loss': '2.354', 'grad_norm': '0.5295', 'learning_rate': '0.0001566', 'epoch': '0.2178'}
{'loss': '1.994', 'grad_norm': '0.4565', 'learning_rate': '0.0001565', 'epoch': '0.2184'}
{'loss': '2.653', 'grad_norm': '0.4748', 'learning_rate': '0.0001563', 'epoch': '0.219'}
{'loss': '2.065', 'grad_norm': '0.343', 'learning_rate': '0.0001562', 'epoch': '0.2196'}
{'loss': '1.875', 'grad_norm': '0.4236', 'learning_rate': '0.0001561', 'epoch': '0.2202'}
{'loss': '2.082', 'grad_norm': '0.3812', 'learning_rate': '0.000156', 'epoch': '0.2208'}
{'loss': '2.311', 'grad_norm': '0.4959', 'learning_rate': '0.0001559', 'epoch': '0.2215'}
{'loss': '2.122', 'grad_norm': '0.4169', 'learning_rate': '0.0001557', 'epoch': '0.2221'}
{'loss': '2.528', 'grad_norm': '0.5071', 'learning_rate': '0.0001556', 'epoch': '0.2227'}
{'loss': '2.576', 'grad_norm': '0.5783', 'learning_rate': '0.0001555', 'epoch': '0.2233'}
{'loss': '2.276', 'grad_norm': '0.4382', 'learning_rate': '0.0001554', 'epoch': '0.2239'}
{'loss': '1.697', 'grad_norm': '0.4629', 'learning_rate': '0.0001552', 'epoch': '0.2245'}
{'loss': '2.062', 'grad_norm': '0.4392', 'learning_rate': '0.0001551', 'epoch': '0.2251'}
{'loss': '2.181', 'grad_norm': '0.5', 'learning_rate': '0.000155', 'epoch': '0.2257'}
{'loss': '2.171', 'grad_norm': '0.3368', 'learning_rate': '0.0001549', 'epoch': '0.2263'}
{'loss': '2.435', 'grad_norm': '0.4286', 'learning_rate': '0.0001548', 'epoch': '0.2269'}
{'loss': '1.791', 'grad_norm': '0.3771', 'learning_rate': '0.0001546', 'epoch': '0.2275'}
{'loss': '2.05', 'grad_norm': '0.5066', 'learning_rate': '0.0001545', 'epoch': '0.2281'}
{'loss': '2.462', 'grad_norm': '0.4453', 'learning_rate': '0.0001544', 'epoch': '0.2287'}
{'loss': '2.148', 'grad_norm': '0.4181', 'learning_rate': '0.0001543', 'epoch': '0.2293'}
{'loss': '1.92', 'grad_norm': '0.4035', 'learning_rate': '0.0001542', 'epoch': '0.2299'}
{'loss': '2.355', 'grad_norm': '0.6278', 'learning_rate': '0.000154', 'epoch': '0.2305'}
{'loss': '1.876', 'grad_norm': '0.4279', 'learning_rate': '0.0001539', 'epoch': '0.2311'}
{'loss': '2.538', 'grad_norm': '0.4704', 'learning_rate': '0.0001538', 'epoch': '0.2317'}
{'loss': '1.758', 'grad_norm': '0.3825', 'learning_rate': '0.0001537', 'epoch': '0.2323'}
{'loss': '1.822', 'grad_norm': '0.5606', 'learning_rate': '0.0001536', 'epoch': '0.2329'}
{'loss': '2.112', 'grad_norm': '0.3898', 'learning_rate': '0.0001534', 'epoch': '0.2335'}
{'loss': '2.376', 'grad_norm': '0.4402', 'learning_rate': '0.0001533', 'epoch': '0.2341'}
{'loss': '2.156', 'grad_norm': '0.3989', 'learning_rate': '0.0001532', 'epoch': '0.2347'}
{'loss': '2.14', 'grad_norm': '0.4188', 'learning_rate': '0.0001531', 'epoch': '0.2353'}
{'loss': '2.072', 'grad_norm': '0.3661', 'learning_rate': '0.000153', 'epoch': '0.2359'}
{'loss': '2.128', 'grad_norm': '0.4029', 'learning_rate': '0.0001528', 'epoch': '0.2365'}
{'loss': '2.489', 'grad_norm': '0.5554', 'learning_rate': '0.0001527', 'epoch': '0.2371'}
{'loss': '1.95', 'grad_norm': '0.438', 'learning_rate': '0.0001526', 'epoch': '0.2377'}
{'loss': '2.14', 'grad_norm': '0.4335', 'learning_rate': '0.0001525', 'epoch': '0.2383'}
{'loss': '2.162', 'grad_norm': '0.4068', 'learning_rate': '0.0001524', 'epoch': '0.239'}
{'loss': '2.459', 'grad_norm': '0.4724', 'learning_rate': '0.0001522', 'epoch': '0.2396'}
{'loss': '2', 'grad_norm': '0.3943', 'learning_rate': '0.0001521', 'epoch': '0.2402'}
{'loss': '2.124', 'grad_norm': '0.307', 'learning_rate': '0.000152', 'epoch': '0.2408'}
{'loss': '2.087', 'grad_norm': '0.4281', 'learning_rate': '0.0001519', 'epoch': '0.2414'}
{'loss': '1.906', 'grad_norm': '0.3518', 'learning_rate': '0.0001517', 'epoch': '0.242'}
{'loss': '2.449', 'grad_norm': '0.5789', 'learning_rate': '0.0001516', 'epoch': '0.2426'}
{'loss': '2.185', 'grad_norm': '0.4096', 'learning_rate': '0.0001515', 'epoch': '0.2432'}
{'loss': '2.236', 'grad_norm': '0.3272', 'learning_rate': '0.0001514', 'epoch': '0.2438'}
{'loss': '2.367', 'grad_norm': '0.5482', 'learning_rate': '0.0001513', 'epoch': '0.2444'}
{'loss': '1.725', 'grad_norm': '0.581', 'learning_rate': '0.0001511', 'epoch': '0.245'}
{'loss': '1.9', 'grad_norm': '0.4599', 'learning_rate': '0.000151', 'epoch': '0.2456'}
{'loss': '2.177', 'grad_norm': '0.3774', 'learning_rate': '0.0001509', 'epoch': '0.2462'}
{'loss': '1.95', 'grad_norm': '0.5586', 'learning_rate': '0.0001508', 'epoch': '0.2468'}
{'loss': '2.51', 'grad_norm': '0.415', 'learning_rate': '0.0001507', 'epoch': '0.2474'}
{'loss': '2.438', 'grad_norm': '0.4646', 'learning_rate': '0.0001505', 'epoch': '0.248'}
{'loss': '2.173', 'grad_norm': '0.3824', 'learning_rate': '0.0001504', 'epoch': '0.2486'}
{'loss': '1.689', 'grad_norm': '0.3877', 'learning_rate': '0.0001503', 'epoch': '0.2492'}
{'loss': '2.217', 'grad_norm': '0.433', 'learning_rate': '0.0001502', 'epoch': '0.2498'}
{'loss': '1.652', 'grad_norm': '0.482', 'learning_rate': '0.0001501', 'epoch': '0.2504'}
{'loss': '1.884', 'grad_norm': '0.4796', 'learning_rate': '0.0001499', 'epoch': '0.251'}
{'loss': '2.224', 'grad_norm': '0.416', 'learning_rate': '0.0001498', 'epoch': '0.2516'}
{'loss': '2.048', 'grad_norm': '0.4127', 'learning_rate': '0.0001497', 'epoch': '0.2522'}
{'loss': '1.862', 'grad_norm': '0.4932', 'learning_rate': '0.0001496', 'epoch': '0.2528'}
{'loss': '2.062', 'grad_norm': '0.4532', 'learning_rate': '0.0001495', 'epoch': '0.2534'}
{'loss': '2.292', 'grad_norm': '0.5263', 'learning_rate': '0.0001493', 'epoch': '0.254'}
{'loss': '1.821', 'grad_norm': '0.341', 'learning_rate': '0.0001492', 'epoch': '0.2546'}
{'loss': '1.823', 'grad_norm': '0.3682', 'learning_rate': '0.0001491', 'epoch': '0.2552'}
{'loss': '2.187', 'grad_norm': '0.4463', 'learning_rate': '0.000149', 'epoch': '0.2558'}
{'loss': '2.241', 'grad_norm': '0.4183', 'learning_rate': '0.0001489', 'epoch': '0.2564'}
{'loss': '2.736', 'grad_norm': '0.534', 'learning_rate': '0.0001487', 'epoch': '0.2571'}
{'loss': '2.214', 'grad_norm': '0.4569', 'learning_rate': '0.0001486', 'epoch': '0.2577'}
{'loss': '1.9', 'grad_norm': '0.4015', 'learning_rate': '0.0001485', 'epoch': '0.2583'}
{'loss': '2.11', 'grad_norm': '0.4728', 'learning_rate': '0.0001484', 'epoch': '0.2589'}
{'loss': '2.653', 'grad_norm': '0.5086', 'learning_rate': '0.0001483', 'epoch': '0.2595'}
{'loss': '2.255', 'grad_norm': '0.3262', 'learning_rate': '0.0001481', 'epoch': '0.2601'}
{'loss': '1.749', 'grad_norm': '0.3792', 'learning_rate': '0.000148', 'epoch': '0.2607'}
{'loss': '2.123', 'grad_norm': '0.3523', 'learning_rate': '0.0001479', 'epoch': '0.2613'}
{'loss': '1.905', 'grad_norm': '0.4056', 'learning_rate': '0.0001478', 'epoch': '0.2619'}
{'loss': '2.162', 'grad_norm': '0.3839', 'learning_rate': '0.0001476', 'epoch': '0.2625'}
{'loss': '2.343', 'grad_norm': '0.3845', 'learning_rate': '0.0001475', 'epoch': '0.2631'}
{'loss': '1.978', 'grad_norm': '0.5655', 'learning_rate': '0.0001474', 'epoch': '0.2637'}
{'loss': '2.381', 'grad_norm': '0.7441', 'learning_rate': '0.0001473', 'epoch': '0.2643'}
{'loss': '1.967', 'grad_norm': '0.3607', 'learning_rate': '0.0001472', 'epoch': '0.2649'}
{'loss': '2.177', 'grad_norm': '0.4745', 'learning_rate': '0.000147', 'epoch': '0.2655'}
{'loss': '2.125', 'grad_norm': '0.7376', 'learning_rate': '0.0001469', 'epoch': '0.2661'}
{'loss': '2.018', 'grad_norm': '0.3907', 'learning_rate': '0.0001468', 'epoch': '0.2667'}
{'loss': '2.183', 'grad_norm': '0.4563', 'learning_rate': '0.0001467', 'epoch': '0.2673'}
{'loss': '2.209', 'grad_norm': '0.5946', 'learning_rate': '0.0001466', 'epoch': '0.2679'}
{'loss': '2.373', 'grad_norm': '0.9216', 'learning_rate': '0.0001464', 'epoch': '0.2685'}
{'loss': '2.226', 'grad_norm': '0.4139', 'learning_rate': '0.0001463', 'epoch': '0.2691'}
{'loss': '1.402', 'grad_norm': '0.4116', 'learning_rate': '0.0001462', 'epoch': '0.2697'}
{'loss': '1.902', 'grad_norm': '0.4272', 'learning_rate': '0.0001461', 'epoch': '0.2703'}
{'loss': '1.969', 'grad_norm': '0.3326', 'learning_rate': '0.000146', 'epoch': '0.2709'}
{'loss': '2.468', 'grad_norm': '0.4696', 'learning_rate': '0.0001458', 'epoch': '0.2715'}
{'loss': '1.869', 'grad_norm': '0.3937', 'learning_rate': '0.0001457', 'epoch': '0.2721'}
{'loss': '1.799', 'grad_norm': '0.459', 'learning_rate': '0.0001456', 'epoch': '0.2727'}
{'loss': '2.416', 'grad_norm': '0.4239', 'learning_rate': '0.0001455', 'epoch': '0.2733'}
{'loss': '2.291', 'grad_norm': '0.5825', 'learning_rate': '0.0001454', 'epoch': '0.2739'}
{'loss': '2.023', 'grad_norm': '0.6572', 'learning_rate': '0.0001452', 'epoch': '0.2746'}
{'loss': '2.023', 'grad_norm': '0.4257', 'learning_rate': '0.0001451', 'epoch': '0.2752'}
{'loss': '2.31', 'grad_norm': '0.428', 'learning_rate': '0.000145', 'epoch': '0.2758'}
{'loss': '1.968', 'grad_norm': '0.3961', 'learning_rate': '0.0001449', 'epoch': '0.2764'}
{'loss': '2.125', 'grad_norm': '0.5588', 'learning_rate': '0.0001448', 'epoch': '0.277'}
{'loss': '1.701', 'grad_norm': '0.4818', 'learning_rate': '0.0001446', 'epoch': '0.2776'}
{'loss': '2.026', 'grad_norm': '0.5464', 'learning_rate': '0.0001445', 'epoch': '0.2782'}
{'loss': '2.514', 'grad_norm': '0.3848', 'learning_rate': '0.0001444', 'epoch': '0.2788'}
{'loss': '2.189', 'grad_norm': '0.5847', 'learning_rate': '0.0001443', 'epoch': '0.2794'}
{'loss': '1.982', 'grad_norm': '0.387', 'learning_rate': '0.0001441', 'epoch': '0.28'}
{'loss': '1.735', 'grad_norm': '0.3853', 'learning_rate': '0.000144', 'epoch': '0.2806'}
{'loss': '2.314', 'grad_norm': '0.5832', 'learning_rate': '0.0001439', 'epoch': '0.2812'}
{'loss': '2.009', 'grad_norm': '0.6629', 'learning_rate': '0.0001438', 'epoch': '0.2818'}
{'loss': '2.537', 'grad_norm': '0.4086', 'learning_rate': '0.0001437', 'epoch': '0.2824'}
{'loss': '1.892', 'grad_norm': '0.3579', 'learning_rate': '0.0001435', 'epoch': '0.283'}
{'loss': '2.023', 'grad_norm': '0.5765', 'learning_rate': '0.0001434', 'epoch': '0.2836'}
{'loss': '2.286', 'grad_norm': '0.397', 'learning_rate': '0.0001433', 'epoch': '0.2842'}
{'loss': '2.131', 'grad_norm': '0.3515', 'learning_rate': '0.0001432', 'epoch': '0.2848'}
{'loss': '1.939', 'grad_norm': '0.543', 'learning_rate': '0.0001431', 'epoch': '0.2854'}
{'loss': '1.774', 'grad_norm': '0.502', 'learning_rate': '0.0001429', 'epoch': '0.286'}
{'loss': '2.01', 'grad_norm': '0.4765', 'learning_rate': '0.0001428', 'epoch': '0.2866'}
{'loss': '1.801', 'grad_norm': '0.4477', 'learning_rate': '0.0001427', 'epoch': '0.2872'}
{'loss': '2.299', 'grad_norm': '0.674', 'learning_rate': '0.0001426', 'epoch': '0.2878'}
{'loss': '2.103', 'grad_norm': '0.4315', 'learning_rate': '0.0001425', 'epoch': '0.2884'}
{'loss': '2.338', 'grad_norm': '0.59', 'learning_rate': '0.0001423', 'epoch': '0.289'}
{'loss': '2.152', 'grad_norm': '0.528', 'learning_rate': '0.0001422', 'epoch': '0.2896'}
{'loss': '1.917', 'grad_norm': '0.3883', 'learning_rate': '0.0001421', 'epoch': '0.2902'}
{'loss': '2.085', 'grad_norm': '0.403', 'learning_rate': '0.000142', 'epoch': '0.2908'}
{'loss': '2.051', 'grad_norm': '0.4175', 'learning_rate': '0.0001419', 'epoch': '0.2914'}
{'loss': '2.232', 'grad_norm': '0.5711', 'learning_rate': '0.0001417', 'epoch': '0.2921'}
{'loss': '2.118', 'grad_norm': '0.3806', 'learning_rate': '0.0001416', 'epoch': '0.2927'}
{'loss': '1.717', 'grad_norm': '0.577', 'learning_rate': '0.0001415', 'epoch': '0.2933'}
{'loss': '2.384', 'grad_norm': '0.5629', 'learning_rate': '0.0001414', 'epoch': '0.2939'}
{'loss': '1.943', 'grad_norm': '0.5051', 'learning_rate': '0.0001413', 'epoch': '0.2945'}
{'loss': '2.239', 'grad_norm': '0.393', 'learning_rate': '0.0001411', 'epoch': '0.2951'}
{'loss': '2.112', 'grad_norm': '0.4402', 'learning_rate': '0.000141', 'epoch': '0.2957'}
{'loss': '2.129', 'grad_norm': '0.5372', 'learning_rate': '0.0001409', 'epoch': '0.2963'}
{'loss': '2.374', 'grad_norm': '0.39', 'learning_rate': '0.0001408', 'epoch': '0.2969'}
{'loss': '2.246', 'grad_norm': '0.5396', 'learning_rate': '0.0001407', 'epoch': '0.2975'}
{'loss': '1.954', 'grad_norm': '0.4443', 'learning_rate': '0.0001405', 'epoch': '0.2981'}
{'loss': '1.777', 'grad_norm': '0.7283', 'learning_rate': '0.0001404', 'epoch': '0.2987'}
{'loss': '2.278', 'grad_norm': '0.4276', 'learning_rate': '0.0001403', 'epoch': '0.2993'}
{'loss': '2.018', 'grad_norm': '0.4532', 'learning_rate': '0.0001402', 'epoch': '0.2999'}
{'loss': '2.33', 'grad_norm': '0.4401', 'learning_rate': '0.00014', 'epoch': '0.3005'}
{'loss': '2.465', 'grad_norm': '0.4702', 'learning_rate': '0.0001399', 'epoch': '0.3011'}
{'loss': '1.98', 'grad_norm': '0.5436', 'learning_rate': '0.0001398', 'epoch': '0.3017'}
{'loss': '2.245', 'grad_norm': '0.4354', 'learning_rate': '0.0001397', 'epoch': '0.3023'}
{'loss': '2.046', 'grad_norm': '0.3936', 'learning_rate': '0.0001396', 'epoch': '0.3029'}
{'loss': '2.332', 'grad_norm': '0.4488', 'learning_rate': '0.0001394', 'epoch': '0.3035'}
{'loss': '2.149', 'grad_norm': '0.5082', 'learning_rate': '0.0001393', 'epoch': '0.3041'}
{'loss': '2.136', 'grad_norm': '0.3719', 'learning_rate': '0.0001392', 'epoch': '0.3047'}
{'loss': '2.398', 'grad_norm': '0.6184', 'learning_rate': '0.0001391', 'epoch': '0.3053'}
{'loss': '2.256', 'grad_norm': '0.5024', 'learning_rate': '0.000139', 'epoch': '0.3059'}
{'loss': '1.945', 'grad_norm': '0.4429', 'learning_rate': '0.0001388', 'epoch': '0.3065'}
{'loss': '2.158', 'grad_norm': '0.4417', 'learning_rate': '0.0001387', 'epoch': '0.3071'}
{'loss': '2.044', 'grad_norm': '0.5708', 'learning_rate': '0.0001386', 'epoch': '0.3077'}
{'loss': '2.244', 'grad_norm': '0.4503', 'learning_rate': '0.0001385', 'epoch': '0.3083'}
{'loss': '1.966', 'grad_norm': '0.4523', 'learning_rate': '0.0001384', 'epoch': '0.3089'}
{'loss': '1.773', 'grad_norm': '0.5444', 'learning_rate': '0.0001382', 'epoch': '0.3095'}
{'loss': '1.984', 'grad_norm': '0.5454', 'learning_rate': '0.0001381', 'epoch': '0.3102'}
{'loss': '2.343', 'grad_norm': '0.4407', 'learning_rate': '0.000138', 'epoch': '0.3108'}
{'loss': '1.847', 'grad_norm': '0.4603', 'learning_rate': '0.0001379', 'epoch': '0.3114'}
{'loss': '2.077', 'grad_norm': '0.4503', 'learning_rate': '0.0001378', 'epoch': '0.312'}
{'loss': '2.492', 'grad_norm': '0.55', 'learning_rate': '0.0001376', 'epoch': '0.3126'}
{'loss': '2.084', 'grad_norm': '0.4451', 'learning_rate': '0.0001375', 'epoch': '0.3132'}
{'loss': '2.172', 'grad_norm': '0.5595', 'learning_rate': '0.0001374', 'epoch': '0.3138'}
{'loss': '2.266', 'grad_norm': '0.4315', 'learning_rate': '0.0001373', 'epoch': '0.3144'}
{'loss': '1.888', 'grad_norm': '0.3415', 'learning_rate': '0.0001372', 'epoch': '0.315'}
{'loss': '1.913', 'grad_norm': '0.4254', 'learning_rate': '0.000137', 'epoch': '0.3156'}
{'loss': '1.949', 'grad_norm': '0.4426', 'learning_rate': '0.0001369', 'epoch': '0.3162'}
{'loss': '1.716', 'grad_norm': '0.6365', 'learning_rate': '0.0001368', 'epoch': '0.3168'}
{'loss': '2.354', 'grad_norm': '0.5671', 'learning_rate': '0.0001367', 'epoch': '0.3174'}
{'loss': '2.22', 'grad_norm': '0.4993', 'learning_rate': '0.0001366', 'epoch': '0.318'}
{'loss': '1.883', 'grad_norm': '0.5587', 'learning_rate': '0.0001364', 'epoch': '0.3186'}
{'loss': '2.289', 'grad_norm': '0.5605', 'learning_rate': '0.0001363', 'epoch': '0.3192'}
{'loss': '1.968', 'grad_norm': '0.4212', 'learning_rate': '0.0001362', 'epoch': '0.3198'}
{'loss': '2.053', 'grad_norm': '0.3984', 'learning_rate': '0.0001361', 'epoch': '0.3204'}
{'loss': '2.216', 'grad_norm': '0.5772', 'learning_rate': '0.0001359', 'epoch': '0.321'}
{'loss': '2.399', 'grad_norm': '0.4552', 'learning_rate': '0.0001358', 'epoch': '0.3216'}
{'loss': '2.248', 'grad_norm': '0.4901', 'learning_rate': '0.0001357', 'epoch': '0.3222'}
{'loss': '2.146', 'grad_norm': '0.4407', 'learning_rate': '0.0001356', 'epoch': '0.3228'}
{'loss': '2.512', 'grad_norm': '0.5117', 'learning_rate': '0.0001355', 'epoch': '0.3234'}
{'loss': '2.015', 'grad_norm': '0.3688', 'learning_rate': '0.0001353', 'epoch': '0.324'}
{'loss': '2.33', 'grad_norm': '0.5818', 'learning_rate': '0.0001352', 'epoch': '0.3246'}
{'loss': '1.978', 'grad_norm': '0.5912', 'learning_rate': '0.0001351', 'epoch': '0.3252'}
{'loss': '2.041', 'grad_norm': '0.4775', 'learning_rate': '0.000135', 'epoch': '0.3258'}
{'loss': '2.002', 'grad_norm': '0.7307', 'learning_rate': '0.0001349', 'epoch': '0.3264'}
{'loss': '2.47', 'grad_norm': '0.5115', 'learning_rate': '0.0001347', 'epoch': '0.327'}
{'loss': '1.99', 'grad_norm': '0.484', 'learning_rate': '0.0001346', 'epoch': '0.3277'}
{'loss': '2.415', 'grad_norm': '0.5141', 'learning_rate': '0.0001345', 'epoch': '0.3283'}
{'loss': '2.207', 'grad_norm': '0.4241', 'learning_rate': '0.0001344', 'epoch': '0.3289'}
{'loss': '2.013', 'grad_norm': '0.5638', 'learning_rate': '0.0001343', 'epoch': '0.3295'}
{'loss': '2.069', 'grad_norm': '0.5586', 'learning_rate': '0.0001341', 'epoch': '0.3301'}
{'loss': '2.194', 'grad_norm': '0.4355', 'learning_rate': '0.000134', 'epoch': '0.3307'}
{'loss': '2.103', 'grad_norm': '0.4438', 'learning_rate': '0.0001339', 'epoch': '0.3313'}
{'loss': '2.65', 'grad_norm': '0.6524', 'learning_rate': '0.0001338', 'epoch': '0.3319'}
{'loss': '2.233', 'grad_norm': '0.5035', 'learning_rate': '0.0001337', 'epoch': '0.3325'}
{'loss': '2.178', 'grad_norm': '0.4508', 'learning_rate': '0.0001335', 'epoch': '0.3331'}
{'loss': '2.052', 'grad_norm': '0.4756', 'learning_rate': '0.0001334', 'epoch': '0.3337'}
{'loss': '2.653', 'grad_norm': '0.7715', 'learning_rate': '0.0001333', 'epoch': '0.3343'}
{'loss': '1.718', 'grad_norm': '0.4643', 'learning_rate': '0.0001332', 'epoch': '0.3349'}
{'loss': '1.779', 'grad_norm': '0.3966', 'learning_rate': '0.0001331', 'epoch': '0.3355'}
{'loss': '2.626', 'grad_norm': '0.5581', 'learning_rate': '0.0001329', 'epoch': '0.3361'}
{'loss': '2.242', 'grad_norm': '0.4302', 'learning_rate': '0.0001328', 'epoch': '0.3367'}
{'loss': '1.754', 'grad_norm': '0.9919', 'learning_rate': '0.0001327', 'epoch': '0.3373'}
{'loss': '2.246', 'grad_norm': '0.4647', 'learning_rate': '0.0001326', 'epoch': '0.3379'}
{'loss': '1.998', 'grad_norm': '0.4284', 'learning_rate': '0.0001324', 'epoch': '0.3385'}
{'loss': '1.928', 'grad_norm': '0.417', 'learning_rate': '0.0001323', 'epoch': '0.3391'}
{'loss': '1.825', 'grad_norm': '0.3643', 'learning_rate': '0.0001322', 'epoch': '0.3397'}
{'loss': '2.002', 'grad_norm': '0.4538', 'learning_rate': '0.0001321', 'epoch': '0.3403'}
{'loss': '1.84', 'grad_norm': '0.4653', 'learning_rate': '0.000132', 'epoch': '0.3409'}
{'loss': '2.108', 'grad_norm': '0.3811', 'learning_rate': '0.0001318', 'epoch': '0.3415'}
{'loss': '1.977', 'grad_norm': '0.5218', 'learning_rate': '0.0001317', 'epoch': '0.3421'}
{'loss': '2.353', 'grad_norm': '0.6067', 'learning_rate': '0.0001316', 'epoch': '0.3427'}
{'loss': '2.425', 'grad_norm': '0.6026', 'learning_rate': '0.0001315', 'epoch': '0.3433'}
{'loss': '2.164', 'grad_norm': '0.5869', 'learning_rate': '0.0001314', 'epoch': '0.3439'}
{'loss': '1.98', 'grad_norm': '0.429', 'learning_rate': '0.0001312', 'epoch': '0.3445'}
{'loss': '2.366', 'grad_norm': '0.7327', 'learning_rate': '0.0001311', 'epoch': '0.3452'}
{'loss': '2.133', 'grad_norm': '0.48', 'learning_rate': '0.000131', 'epoch': '0.3458'}
{'loss': '2.304', 'grad_norm': '0.4459', 'learning_rate': '0.0001309', 'epoch': '0.3464'}
{'loss': '2.137', 'grad_norm': '0.436', 'learning_rate': '0.0001308', 'epoch': '0.347'}
{'loss': '2.313', 'grad_norm': '0.5555', 'learning_rate': '0.0001306', 'epoch': '0.3476'}
{'loss': '2.152', 'grad_norm': '0.3986', 'learning_rate': '0.0001305', 'epoch': '0.3482'}
{'loss': '2.22', 'grad_norm': '0.6945', 'learning_rate': '0.0001304', 'epoch': '0.3488'}
{'loss': '1.636', 'grad_norm': '0.3686', 'learning_rate': '0.0001303', 'epoch': '0.3494'}
{'loss': '2.014', 'grad_norm': '0.4771', 'learning_rate': '0.0001302', 'epoch': '0.35'}
{'loss': '1.967', 'grad_norm': '0.4239', 'learning_rate': '0.00013', 'epoch': '0.3506'}
{'loss': '2', 'grad_norm': '0.57', 'learning_rate': '0.0001299', 'epoch': '0.3512'}
{'loss': '2.414', 'grad_norm': '0.5997', 'learning_rate': '0.0001298', 'epoch': '0.3518'}
{'loss': '1.661', 'grad_norm': '0.4853', 'learning_rate': '0.0001297', 'epoch': '0.3524'}
{'loss': '2.036', 'grad_norm': '0.5486', 'learning_rate': '0.0001296', 'epoch': '0.353'}
{'loss': '2.135', 'grad_norm': '0.4322', 'learning_rate': '0.0001294', 'epoch': '0.3536'}
{'loss': '1.71', 'grad_norm': '0.434', 'learning_rate': '0.0001293', 'epoch': '0.3542'}
{'loss': '2.004', 'grad_norm': '0.495', 'learning_rate': '0.0001292', 'epoch': '0.3548'}
{'loss': '1.949', 'grad_norm': '0.5694', 'learning_rate': '0.0001291', 'epoch': '0.3554'}
{'loss': '2.052', 'grad_norm': '0.3897', 'learning_rate': '0.000129', 'epoch': '0.356'}
{'loss': '2.053', 'grad_norm': '0.4562', 'learning_rate': '0.0001288', 'epoch': '0.3566'}
{'loss': '2.113', 'grad_norm': '0.5335', 'learning_rate': '0.0001287', 'epoch': '0.3572'}
{'loss': '2.275', 'grad_norm': '0.3485', 'learning_rate': '0.0001286', 'epoch': '0.3578'}
{'loss': '2.01', 'grad_norm': '0.4691', 'learning_rate': '0.0001285', 'epoch': '0.3584'}
{'loss': '2.223', 'grad_norm': '0.5367', 'learning_rate': '0.0001283', 'epoch': '0.359'}
{'loss': '1.965', 'grad_norm': '0.552', 'learning_rate': '0.0001282', 'epoch': '0.3596'}
{'loss': '2.295', 'grad_norm': '0.7381', 'learning_rate': '0.0001281', 'epoch': '0.3602'}
{'loss': '2.26', 'grad_norm': '0.4395', 'learning_rate': '0.000128', 'epoch': '0.3608'}
{'loss': '1.81', 'grad_norm': '0.4369', 'learning_rate': '0.0001279', 'epoch': '0.3614'}
{'loss': '1.974', 'grad_norm': '0.475', 'learning_rate': '0.0001277', 'epoch': '0.362'}
{'loss': '1.872', 'grad_norm': '0.4933', 'learning_rate': '0.0001276', 'epoch': '0.3626'}
{'loss': '2.262', 'grad_norm': '0.5051', 'learning_rate': '0.0001275', 'epoch': '0.3633'}
{'loss': '1.633', 'grad_norm': '0.7121', 'learning_rate': '0.0001274', 'epoch': '0.3639'}
{'loss': '2.33', 'grad_norm': '0.3714', 'learning_rate': '0.0001273', 'epoch': '0.3645'}
{'loss': '2.555', 'grad_norm': '0.5006', 'learning_rate': '0.0001271', 'epoch': '0.3651'}
{'loss': '2.066', 'grad_norm': '0.6305', 'learning_rate': '0.000127', 'epoch': '0.3657'}
{'loss': '1.927', 'grad_norm': '0.7971', 'learning_rate': '0.0001269', 'epoch': '0.3663'}
{'loss': '2.081', 'grad_norm': '0.4814', 'learning_rate': '0.0001268', 'epoch': '0.3669'}
{'loss': '2.552', 'grad_norm': '0.559', 'learning_rate': '0.0001267', 'epoch': '0.3675'}
{'loss': '1.994', 'grad_norm': '0.4123', 'learning_rate': '0.0001265', 'epoch': '0.3681'}
{'loss': '1.805', 'grad_norm': '0.4329', 'learning_rate': '0.0001264', 'epoch': '0.3687'}
{'loss': '1.713', 'grad_norm': '0.5342', 'learning_rate': '0.0001263', 'epoch': '0.3693'}
{'loss': '1.798', 'grad_norm': '0.4624', 'learning_rate': '0.0001262', 'epoch': '0.3699'}
{'loss': '2.06', 'grad_norm': '0.4318', 'learning_rate': '0.0001261', 'epoch': '0.3705'}
{'loss': '1.99', 'grad_norm': '0.6661', 'learning_rate': '0.0001259', 'epoch': '0.3711'}
{'loss': '1.596', 'grad_norm': '0.3718', 'learning_rate': '0.0001258', 'epoch': '0.3717'}
{'loss': '1.837', 'grad_norm': '0.3515', 'learning_rate': '0.0001257', 'epoch': '0.3723'}
{'loss': '1.751', 'grad_norm': '0.476', 'learning_rate': '0.0001256', 'epoch': '0.3729'}
{'loss': '2.062', 'grad_norm': '0.412', 'learning_rate': '0.0001255', 'epoch': '0.3735'}
{'loss': '2.646', 'grad_norm': '0.6223', 'learning_rate': '0.0001253', 'epoch': '0.3741'}
{'loss': '2.145', 'grad_norm': '0.5064', 'learning_rate': '0.0001252', 'epoch': '0.3747'}
{'loss': '2.081', 'grad_norm': '0.4098', 'learning_rate': '0.0001251', 'epoch': '0.3753'}
{'loss': '2.395', 'grad_norm': '0.4601', 'learning_rate': '0.000125', 'epoch': '0.3759'}
{'loss': '2.098', 'grad_norm': '0.4971', 'learning_rate': '0.0001248', 'epoch': '0.3765'}
{'loss': '2.021', 'grad_norm': '0.3936', 'learning_rate': '0.0001247', 'epoch': '0.3771'}
{'loss': '2.038', 'grad_norm': '0.6935', 'learning_rate': '0.0001246', 'epoch': '0.3777'}
{'loss': '2.814', 'grad_norm': '0.6465', 'learning_rate': '0.0001245', 'epoch': '0.3783'}
{'loss': '1.945', 'grad_norm': '0.5557', 'learning_rate': '0.0001244', 'epoch': '0.3789'}
{'loss': '1.775', 'grad_norm': '0.4152', 'learning_rate': '0.0001242', 'epoch': '0.3795'}
{'loss': '1.724', 'grad_norm': '0.4705', 'learning_rate': '0.0001241', 'epoch': '0.3801'}
{'loss': '2.142', 'grad_norm': '0.4957', 'learning_rate': '0.000124', 'epoch': '0.3808'}
{'loss': '2.009', 'grad_norm': '0.6938', 'learning_rate': '0.0001239', 'epoch': '0.3814'}
{'loss': '2.231', 'grad_norm': '0.4636', 'learning_rate': '0.0001238', 'epoch': '0.382'}
{'loss': '2.395', 'grad_norm': '0.5182', 'learning_rate': '0.0001236', 'epoch': '0.3826'}
{'loss': '2.197', 'grad_norm': '0.4805', 'learning_rate': '0.0001235', 'epoch': '0.3832'}
{'loss': '2.087', 'grad_norm': '0.4371', 'learning_rate': '0.0001234', 'epoch': '0.3838'}
{'loss': '2.111', 'grad_norm': '0.4799', 'learning_rate': '0.0001233', 'epoch': '0.3844'}
{'loss': '2.4', 'grad_norm': '0.5268', 'learning_rate': '0.0001232', 'epoch': '0.385'}
{'loss': '2.176', 'grad_norm': '0.4367', 'learning_rate': '0.000123', 'epoch': '0.3856'}
{'loss': '2.27', 'grad_norm': '0.4573', 'learning_rate': '0.0001229', 'epoch': '0.3862'}
{'loss': '2.063', 'grad_norm': '0.4231', 'learning_rate': '0.0001228', 'epoch': '0.3868'}
{'loss': '2.328', 'grad_norm': '0.3595', 'learning_rate': '0.0001227', 'epoch': '0.3874'}
{'loss': '1.873', 'grad_norm': '0.4936', 'learning_rate': '0.0001226', 'epoch': '0.388'}
{'loss': '2.033', 'grad_norm': '0.4347', 'learning_rate': '0.0001224', 'epoch': '0.3886'}
{'loss': '1.985', 'grad_norm': '0.4796', 'learning_rate': '0.0001223', 'epoch': '0.3892'}
{'loss': '2.277', 'grad_norm': '0.3816', 'learning_rate': '0.0001222', 'epoch': '0.3898'}
{'loss': '1.97', 'grad_norm': '0.4435', 'learning_rate': '0.0001221', 'epoch': '0.3904'}
{'loss': '2.083', 'grad_norm': '0.4956', 'learning_rate': '0.000122', 'epoch': '0.391'}
{'loss': '1.965', 'grad_norm': '0.5279', 'learning_rate': '0.0001218', 'epoch': '0.3916'}
{'loss': '2.108', 'grad_norm': '0.5148', 'learning_rate': '0.0001217', 'epoch': '0.3922'}
{'loss': '1.556', 'grad_norm': '0.6481', 'learning_rate': '0.0001216', 'epoch': '0.3928'}
{'loss': '1.848', 'grad_norm': '0.5062', 'learning_rate': '0.0001215', 'epoch': '0.3934'}
{'loss': '2.236', 'grad_norm': '0.5856', 'learning_rate': '0.0001214', 'epoch': '0.394'}
{'loss': '2.049', 'grad_norm': '0.4193', 'learning_rate': '0.0001212', 'epoch': '0.3946'}
{'loss': '2.291', 'grad_norm': '0.4512', 'learning_rate': '0.0001211', 'epoch': '0.3952'}
{'loss': '2.107', 'grad_norm': '0.4991', 'learning_rate': '0.000121', 'epoch': '0.3958'}
{'loss': '2.03', 'grad_norm': '0.4201', 'learning_rate': '0.0001209', 'epoch': '0.3964'}
{'loss': '2.13', 'grad_norm': '0.4945', 'learning_rate': '0.0001207', 'epoch': '0.397'}
{'loss': '2.01', 'grad_norm': '0.4359', 'learning_rate': '0.0001206', 'epoch': '0.3976'}
{'loss': '2.611', 'grad_norm': '0.481', 'learning_rate': '0.0001205', 'epoch': '0.3983'}
{'loss': '2.356', 'grad_norm': '0.4022', 'learning_rate': '0.0001204', 'epoch': '0.3989'}
{'loss': '1.982', 'grad_norm': '0.5328', 'learning_rate': '0.0001203', 'epoch': '0.3995'}
{'loss': '2.393', 'grad_norm': '0.7705', 'learning_rate': '0.0001201', 'epoch': '0.4001'}
{'loss': '2.083', 'grad_norm': '0.5557', 'learning_rate': '0.00012', 'epoch': '0.4007'}
{'loss': '2.12', 'grad_norm': '0.4431', 'learning_rate': '0.0001199', 'epoch': '0.4013'}
{'loss': '1.981', 'grad_norm': '0.5363', 'learning_rate': '0.0001198', 'epoch': '0.4019'}
{'loss': '2.09', 'grad_norm': '0.5629', 'learning_rate': '0.0001197', 'epoch': '0.4025'}
{'loss': '2.165', 'grad_norm': '0.5118', 'learning_rate': '0.0001195', 'epoch': '0.4031'}
{'loss': '2.083', 'grad_norm': '0.4355', 'learning_rate': '0.0001194', 'epoch': '0.4037'}
{'loss': '2.242', 'grad_norm': '0.5319', 'learning_rate': '0.0001193', 'epoch': '0.4043'}
{'loss': '2.173', 'grad_norm': '0.5795', 'learning_rate': '0.0001192', 'epoch': '0.4049'}
{'loss': '1.937', 'grad_norm': '0.4788', 'learning_rate': '0.0001191', 'epoch': '0.4055'}
{'loss': '2.05', 'grad_norm': '0.6213', 'learning_rate': '0.0001189', 'epoch': '0.4061'}
{'loss': '2.261', 'grad_norm': '0.6091', 'learning_rate': '0.0001188', 'epoch': '0.4067'}
{'loss': '2.043', 'grad_norm': '0.4026', 'learning_rate': '0.0001187', 'epoch': '0.4073'}
{'loss': '2.353', 'grad_norm': '0.4477', 'learning_rate': '0.0001186', 'epoch': '0.4079'}
{'loss': '1.86', 'grad_norm': '0.5017', 'learning_rate': '0.0001185', 'epoch': '0.4085'}
{'loss': '2.08', 'grad_norm': '0.4697', 'learning_rate': '0.0001183', 'epoch': '0.4091'}
{'loss': '1.971', 'grad_norm': '0.3984', 'learning_rate': '0.0001182', 'epoch': '0.4097'}
{'loss': '2.025', 'grad_norm': '0.56', 'learning_rate': '0.0001181', 'epoch': '0.4103'}
{'loss': '2.581', 'grad_norm': '0.4807', 'learning_rate': '0.000118', 'epoch': '0.4109'}
{'loss': '2.406', 'grad_norm': '0.4842', 'learning_rate': '0.0001179', 'epoch': '0.4115'}
{'loss': '1.905', 'grad_norm': '0.545', 'learning_rate': '0.0001177', 'epoch': '0.4121'}
{'loss': '1.312', 'grad_norm': '0.4502', 'learning_rate': '0.0001176', 'epoch': '0.4127'}
{'loss': '1.803', 'grad_norm': '0.3864', 'learning_rate': '0.0001175', 'epoch': '0.4133'}
{'loss': '1.816', 'grad_norm': '0.5526', 'learning_rate': '0.0001174', 'epoch': '0.4139'}
{'loss': '2.399', 'grad_norm': '0.4435', 'learning_rate': '0.0001172', 'epoch': '0.4145'}
{'loss': '2.099', 'grad_norm': '0.8333', 'learning_rate': '0.0001171', 'epoch': '0.4151'}
{'loss': '1.852', 'grad_norm': '0.5617', 'learning_rate': '0.000117', 'epoch': '0.4157'}
{'loss': '2.435', 'grad_norm': '0.5175', 'learning_rate': '0.0001169', 'epoch': '0.4164'}
{'loss': '1.585', 'grad_norm': '0.5463', 'learning_rate': '0.0001168', 'epoch': '0.417'}
{'loss': '2.634', 'grad_norm': '0.4844', 'learning_rate': '0.0001166', 'epoch': '0.4176'}
{'loss': '2.324', 'grad_norm': '0.5052', 'learning_rate': '0.0001165', 'epoch': '0.4182'}
{'loss': '1.957', 'grad_norm': '0.4276', 'learning_rate': '0.0001164', 'epoch': '0.4188'}
{'loss': '2.195', 'grad_norm': '0.5932', 'learning_rate': '0.0001163', 'epoch': '0.4194'}
{'loss': '1.897', 'grad_norm': '0.4722', 'learning_rate': '0.0001162', 'epoch': '0.42'}
{'loss': '1.956', 'grad_norm': '0.5134', 'learning_rate': '0.000116', 'epoch': '0.4206'}
{'loss': '2.357', 'grad_norm': '0.534', 'learning_rate': '0.0001159', 'epoch': '0.4212'}
{'loss': '2.101', 'grad_norm': '0.4337', 'learning_rate': '0.0001158', 'epoch': '0.4218'}
{'loss': '2.422', 'grad_norm': '0.6083', 'learning_rate': '0.0001157', 'epoch': '0.4224'}
{'loss': '1.671', 'grad_norm': '0.3962', 'learning_rate': '0.0001156', 'epoch': '0.423'}
{'loss': '2.068', 'grad_norm': '0.4538', 'learning_rate': '0.0001154', 'epoch': '0.4236'}
{'loss': '2.022', 'grad_norm': '0.5989', 'learning_rate': '0.0001153', 'epoch': '0.4242'}
{'loss': '2.326', 'grad_norm': '0.4163', 'learning_rate': '0.0001152', 'epoch': '0.4248'}
{'loss': '2.363', 'grad_norm': '0.4726', 'learning_rate': '0.0001151', 'epoch': '0.4254'}
{'loss': '1.952', 'grad_norm': '0.529', 'learning_rate': '0.000115', 'epoch': '0.426'}
{'loss': '1.873', 'grad_norm': '0.5265', 'learning_rate': '0.0001148', 'epoch': '0.4266'}
{'loss': '2.27', 'grad_norm': '0.4936', 'learning_rate': '0.0001147', 'epoch': '0.4272'}
{'loss': '2.08', 'grad_norm': '0.4928', 'learning_rate': '0.0001146', 'epoch': '0.4278'}
{'loss': '1.938', 'grad_norm': '0.4208', 'learning_rate': '0.0001145', 'epoch': '0.4284'}
{'loss': '2.183', 'grad_norm': '0.5931', 'learning_rate': '0.0001144', 'epoch': '0.429'}
{'loss': '1.769', 'grad_norm': '0.4943', 'learning_rate': '0.0001142', 'epoch': '0.4296'}
{'loss': '2.112', 'grad_norm': '0.394', 'learning_rate': '0.0001141', 'epoch': '0.4302'}
{'loss': '1.908', 'grad_norm': '0.4808', 'learning_rate': '0.000114', 'epoch': '0.4308'}
{'loss': '1.773', 'grad_norm': '0.4154', 'learning_rate': '0.0001139', 'epoch': '0.4314'}
{'loss': '2.125', 'grad_norm': '0.5314', 'learning_rate': '0.0001138', 'epoch': '0.432'}
{'loss': '2.127', 'grad_norm': '0.7545', 'learning_rate': '0.0001136', 'epoch': '0.4326'}
{'loss': '2.118', 'grad_norm': '0.4516', 'learning_rate': '0.0001135', 'epoch': '0.4332'}
{'loss': '2.198', 'grad_norm': '0.4421', 'learning_rate': '0.0001134', 'epoch': '0.4339'}
{'loss': '1.978', 'grad_norm': '0.5403', 'learning_rate': '0.0001133', 'epoch': '0.4345'}
{'loss': '1.226', 'grad_norm': '0.6047', 'learning_rate': '0.0001131', 'epoch': '0.4351'}
{'loss': '2.409', 'grad_norm': '0.4748', 'learning_rate': '0.000113', 'epoch': '0.4357'}
{'loss': '1.839', 'grad_norm': '0.6211', 'learning_rate': '0.0001129', 'epoch': '0.4363'}
{'loss': '1.963', 'grad_norm': '0.3938', 'learning_rate': '0.0001128', 'epoch': '0.4369'}
{'loss': '2.011', 'grad_norm': '0.5083', 'learning_rate': '0.0001127', 'epoch': '0.4375'}
{'loss': '1.764', 'grad_norm': '0.5161', 'learning_rate': '0.0001125', 'epoch': '0.4381'}
{'loss': '2.259', 'grad_norm': '0.5662', 'learning_rate': '0.0001124', 'epoch': '0.4387'}
{'loss': '1.894', 'grad_norm': '0.4272', 'learning_rate': '0.0001123', 'epoch': '0.4393'}
{'loss': '1.908', 'grad_norm': '0.437', 'learning_rate': '0.0001122', 'epoch': '0.4399'}
{'loss': '2.346', 'grad_norm': '0.4493', 'learning_rate': '0.0001121', 'epoch': '0.4405'}
{'loss': '1.971', 'grad_norm': '0.5751', 'learning_rate': '0.0001119', 'epoch': '0.4411'}
{'loss': '2.12', 'grad_norm': '0.4709', 'learning_rate': '0.0001118', 'epoch': '0.4417'}
{'loss': '2.419', 'grad_norm': '0.5926', 'learning_rate': '0.0001117', 'epoch': '0.4423'}
{'loss': '2.287', 'grad_norm': '0.4241', 'learning_rate': '0.0001116', 'epoch': '0.4429'}
{'loss': '1.562', 'grad_norm': '0.8737', 'learning_rate': '0.0001115', 'epoch': '0.4435'}
{'loss': '2.33', 'grad_norm': '0.4187', 'learning_rate': '0.0001113', 'epoch': '0.4441'}
{'loss': '2.102', 'grad_norm': '1.081', 'learning_rate': '0.0001112', 'epoch': '0.4447'}
{'loss': '1.997', 'grad_norm': '0.6982', 'learning_rate': '0.0001111', 'epoch': '0.4453'}
{'loss': '2.364', 'grad_norm': '0.6109', 'learning_rate': '0.000111', 'epoch': '0.4459'}
{'loss': '2.1', 'grad_norm': '0.4962', 'learning_rate': '0.0001109', 'epoch': '0.4465'}
{'loss': '2.256', 'grad_norm': '0.6428', 'learning_rate': '0.0001107', 'epoch': '0.4471'}
{'loss': '1.882', 'grad_norm': '0.4754', 'learning_rate': '0.0001106', 'epoch': '0.4477'}
{'loss': '2.196', 'grad_norm': '0.3911', 'learning_rate': '0.0001105', 'epoch': '0.4483'}
{'loss': '1.964', 'grad_norm': '0.41', 'learning_rate': '0.0001104', 'epoch': '0.4489'}
{'loss': '2.314', 'grad_norm': '0.4304', 'learning_rate': '0.0001103', 'epoch': '0.4495'}
{'loss': '1.904', 'grad_norm': '0.4681', 'learning_rate': '0.0001101', 'epoch': '0.4501'}
{'loss': '1.886', 'grad_norm': '0.4798', 'learning_rate': '0.00011', 'epoch': '0.4507'}
{'loss': '1.601', 'grad_norm': '0.5008', 'learning_rate': '0.0001099', 'epoch': '0.4514'}
{'loss': '2.348', 'grad_norm': '0.5485', 'learning_rate': '0.0001098', 'epoch': '0.452'}
{'loss': '2.001', 'grad_norm': '0.5245', 'learning_rate': '0.0001097', 'epoch': '0.4526'}
{'loss': '2.233', 'grad_norm': '0.4609', 'learning_rate': '0.0001095', 'epoch': '0.4532'}
{'loss': '1.933', 'grad_norm': '0.446', 'learning_rate': '0.0001094', 'epoch': '0.4538'}
{'loss': '2.101', 'grad_norm': '0.5558', 'learning_rate': '0.0001093', 'epoch': '0.4544'}
{'loss': '2.521', 'grad_norm': '0.5228', 'learning_rate': '0.0001092', 'epoch': '0.455'}
{'loss': '1.901', 'grad_norm': '0.7719', 'learning_rate': '0.000109', 'epoch': '0.4556'}
{'loss': '1.827', 'grad_norm': '0.4474', 'learning_rate': '0.0001089', 'epoch': '0.4562'}
{'loss': '2.003', 'grad_norm': '0.5371', 'learning_rate': '0.0001088', 'epoch': '0.4568'}
{'loss': '1.898', 'grad_norm': '0.6228', 'learning_rate': '0.0001087', 'epoch': '0.4574'}
{'loss': '2.058', 'grad_norm': '0.4356', 'learning_rate': '0.0001086', 'epoch': '0.458'}
{'loss': '2.331', 'grad_norm': '0.5945', 'learning_rate': '0.0001084', 'epoch': '0.4586'}
{'loss': '2.074', 'grad_norm': '0.5979', 'learning_rate': '0.0001083', 'epoch': '0.4592'}
{'loss': '2.381', 'grad_norm': '0.6732', 'learning_rate': '0.0001082', 'epoch': '0.4598'}
{'loss': '2.259', 'grad_norm': '0.6118', 'learning_rate': '0.0001081', 'epoch': '0.4604'}
{'loss': '2.364', 'grad_norm': '0.4784', 'learning_rate': '0.000108', 'epoch': '0.461'}
{'loss': '1.735', 'grad_norm': '0.4372', 'learning_rate': '0.0001078', 'epoch': '0.4616'}
{'loss': '2.299', 'grad_norm': '0.465', 'learning_rate': '0.0001077', 'epoch': '0.4622'}
{'loss': '1.69', 'grad_norm': '0.3904', 'learning_rate': '0.0001076', 'epoch': '0.4628'}
{'loss': '1.899', 'grad_norm': '0.5736', 'learning_rate': '0.0001075', 'epoch': '0.4634'}
{'loss': '2.049', 'grad_norm': '0.5372', 'learning_rate': '0.0001074', 'epoch': '0.464'}
{'loss': '1.729', 'grad_norm': '0.4804', 'learning_rate': '0.0001072', 'epoch': '0.4646'}
{'loss': '1.575', 'grad_norm': '0.4572', 'learning_rate': '0.0001071', 'epoch': '0.4652'}
{'loss': '1.705', 'grad_norm': '0.7601', 'learning_rate': '0.000107', 'epoch': '0.4658'}
{'loss': '2.32', 'grad_norm': '0.6448', 'learning_rate': '0.0001069', 'epoch': '0.4664'}
{'loss': '2.136', 'grad_norm': '0.5399', 'learning_rate': '0.0001068', 'epoch': '0.467'}
{'loss': '1.813', 'grad_norm': '0.753', 'learning_rate': '0.0001066', 'epoch': '0.4676'}
{'loss': '2.226', 'grad_norm': '0.5144', 'learning_rate': '0.0001065', 'epoch': '0.4682'}
{'loss': '2.226', 'grad_norm': '0.6412', 'learning_rate': '0.0001064', 'epoch': '0.4688'}
{'loss': '1.884', 'grad_norm': '0.6359', 'learning_rate': '0.0001063', 'epoch': '0.4695'}
{'loss': '2.216', 'grad_norm': '0.5139', 'learning_rate': '0.0001062', 'epoch': '0.4701'}
{'loss': '2.424', 'grad_norm': '0.5548', 'learning_rate': '0.000106', 'epoch': '0.4707'}
{'loss': '2.292', 'grad_norm': '0.4003', 'learning_rate': '0.0001059', 'epoch': '0.4713'}
{'loss': '2.154', 'grad_norm': '0.4267', 'learning_rate': '0.0001058', 'epoch': '0.4719'}
{'loss': '1.977', 'grad_norm': '0.4342', 'learning_rate': '0.0001057', 'epoch': '0.4725'}
{'loss': '2.109', 'grad_norm': '0.4273', 'learning_rate': '0.0001055', 'epoch': '0.4731'}
{'loss': '2.04', 'grad_norm': '0.387', 'learning_rate': '0.0001054', 'epoch': '0.4737'}
{'loss': '2.178', 'grad_norm': '0.4396', 'learning_rate': '0.0001053', 'epoch': '0.4743'}
{'loss': '1.695', 'grad_norm': '0.4625', 'learning_rate': '0.0001052', 'epoch': '0.4749'}
{'loss': '2.006', 'grad_norm': '0.5064', 'learning_rate': '0.0001051', 'epoch': '0.4755'}
{'loss': '2.527', 'grad_norm': '0.5648', 'learning_rate': '0.0001049', 'epoch': '0.4761'}
{'loss': '2.174', 'grad_norm': '0.4939', 'learning_rate': '0.0001048', 'epoch': '0.4767'}
{'loss': '2.366', 'grad_norm': '0.5468', 'learning_rate': '0.0001047', 'epoch': '0.4773'}
{'loss': '2.033', 'grad_norm': '0.4817', 'learning_rate': '0.0001046', 'epoch': '0.4779'}
{'loss': '2.181', 'grad_norm': '0.4141', 'learning_rate': '0.0001045', 'epoch': '0.4785'}
{'loss': '1.894', 'grad_norm': '0.4377', 'learning_rate': '0.0001043', 'epoch': '0.4791'}
{'loss': '2.013', 'grad_norm': '0.4805', 'learning_rate': '0.0001042', 'epoch': '0.4797'}
{'loss': '2.379', 'grad_norm': '0.4748', 'learning_rate': '0.0001041', 'epoch': '0.4803'}
{'loss': '2.124', 'grad_norm': '0.511', 'learning_rate': '0.000104', 'epoch': '0.4809'}
{'loss': '1.661', 'grad_norm': '0.4587', 'learning_rate': '0.0001039', 'epoch': '0.4815'}
{'loss': '2.056', 'grad_norm': '0.5176', 'learning_rate': '0.0001037', 'epoch': '0.4821'}
{'loss': '2.35', 'grad_norm': '0.7816', 'learning_rate': '0.0001036', 'epoch': '0.4827'}
{'loss': '1.789', 'grad_norm': '0.4466', 'learning_rate': '0.0001035', 'epoch': '0.4833'}
{'loss': '1.979', 'grad_norm': '0.5627', 'learning_rate': '0.0001034', 'epoch': '0.4839'}
{'loss': '1.957', 'grad_norm': '0.4325', 'learning_rate': '0.0001033', 'epoch': '0.4845'}
{'loss': '1.957', 'grad_norm': '0.5625', 'learning_rate': '0.0001031', 'epoch': '0.4851'}
{'loss': '2.532', 'grad_norm': '0.4877', 'learning_rate': '0.000103', 'epoch': '0.4857'}
{'loss': '2.52', 'grad_norm': '0.5298', 'learning_rate': '0.0001029', 'epoch': '0.4863'}
{'loss': '2.256', 'grad_norm': '0.4654', 'learning_rate': '0.0001028', 'epoch': '0.487'}
{'loss': '2.027', 'grad_norm': '0.5005', 'learning_rate': '0.0001027', 'epoch': '0.4876'}
{'loss': '2.128', 'grad_norm': '0.5383', 'learning_rate': '0.0001025', 'epoch': '0.4882'}
{'loss': '2.023', 'grad_norm': '0.4501', 'learning_rate': '0.0001024', 'epoch': '0.4888'}
{'loss': '1.737', 'grad_norm': '0.6024', 'learning_rate': '0.0001023', 'epoch': '0.4894'}
{'loss': '2.248', 'grad_norm': '0.4589', 'learning_rate': '0.0001022', 'epoch': '0.49'}
{'loss': '2.154', 'grad_norm': '0.578', 'learning_rate': '0.0001021', 'epoch': '0.4906'}
{'loss': '1.96', 'grad_norm': '0.4915', 'learning_rate': '0.0001019', 'epoch': '0.4912'}
{'loss': '1.796', 'grad_norm': '0.3892', 'learning_rate': '0.0001018', 'epoch': '0.4918'}
{'loss': '1.935', 'grad_norm': '0.4594', 'learning_rate': '0.0001017', 'epoch': '0.4924'}
{'loss': '1.898', 'grad_norm': '0.4899', 'learning_rate': '0.0001016', 'epoch': '0.493'}
{'loss': '2.441', 'grad_norm': '0.4486', 'learning_rate': '0.0001014', 'epoch': '0.4936'}
{'loss': '2.378', 'grad_norm': '0.7649', 'learning_rate': '0.0001013', 'epoch': '0.4942'}
{'loss': '1.852', 'grad_norm': '0.5313', 'learning_rate': '0.0001012', 'epoch': '0.4948'}
{'loss': '1.981', 'grad_norm': '0.4739', 'learning_rate': '0.0001011', 'epoch': '0.4954'}
{'loss': '2.225', 'grad_norm': '0.6342', 'learning_rate': '0.000101', 'epoch': '0.496'}
{'loss': '1.961', 'grad_norm': '0.5836', 'learning_rate': '0.0001008', 'epoch': '0.4966'}
{'loss': '1.941', 'grad_norm': '0.4819', 'learning_rate': '0.0001007', 'epoch': '0.4972'}
{'loss': '2.132', 'grad_norm': '0.5618', 'learning_rate': '0.0001006', 'epoch': '0.4978'}
{'loss': '2.417', 'grad_norm': '0.4855', 'learning_rate': '0.0001005', 'epoch': '0.4984'}
{'loss': '1.953', 'grad_norm': '0.5931', 'learning_rate': '0.0001004', 'epoch': '0.499'}
{'loss': '2.266', 'grad_norm': '0.5337', 'learning_rate': '0.0001002', 'epoch': '0.4996'}
{'loss': '2.117', 'grad_norm': '0.5599', 'learning_rate': '0.0001001', 'epoch': '0.5002'}
{'loss': '1.921', 'grad_norm': '0.4243', 'learning_rate': '0.0001', 'epoch': '0.5008'}
{'loss': '2.29', 'grad_norm': '0.4065', 'learning_rate': '9.988e-05', 'epoch': '0.5014'}
{'loss': '1.798', 'grad_norm': '0.4996', 'learning_rate': '9.976e-05', 'epoch': '0.502'}
{'loss': '1.895', 'grad_norm': '0.525', 'learning_rate': '9.964e-05', 'epoch': '0.5026'}
{'loss': '2.155', 'grad_norm': '0.5835', 'learning_rate': '9.952e-05', 'epoch': '0.5032'}
{'loss': '2.067', 'grad_norm': '1.171', 'learning_rate': '9.94e-05', 'epoch': '0.5038'}
{'loss': '1.899', 'grad_norm': '0.5568', 'learning_rate': '9.928e-05', 'epoch': '0.5045'}
{'loss': '2.134', 'grad_norm': '0.4329', 'learning_rate': '9.916e-05', 'epoch': '0.5051'}
{'loss': '2.489', 'grad_norm': '0.6387', 'learning_rate': '9.903e-05', 'epoch': '0.5057'}
{'loss': '1.993', 'grad_norm': '0.8763', 'learning_rate': '9.891e-05', 'epoch': '0.5063'}
{'loss': '2.077', 'grad_norm': '0.4669', 'learning_rate': '9.879e-05', 'epoch': '0.5069'}
{'loss': '1.646', 'grad_norm': '0.4636', 'learning_rate': '9.867e-05', 'epoch': '0.5075'}
{'loss': '2.3', 'grad_norm': '0.652', 'learning_rate': '9.855e-05', 'epoch': '0.5081'}
{'loss': '2.479', 'grad_norm': '0.577', 'learning_rate': '9.843e-05', 'epoch': '0.5087'}
{'loss': '1.882', 'grad_norm': '0.5793', 'learning_rate': '9.831e-05', 'epoch': '0.5093'}
{'loss': '2.342', 'grad_norm': '0.4511', 'learning_rate': '9.819e-05', 'epoch': '0.5099'}
{'loss': '1.985', 'grad_norm': '0.4044', 'learning_rate': '9.807e-05', 'epoch': '0.5105'}
{'loss': '1.893', 'grad_norm': '0.7608', 'learning_rate': '9.795e-05', 'epoch': '0.5111'}
{'loss': '2.268', 'grad_norm': '0.5147', 'learning_rate': '9.783e-05', 'epoch': '0.5117'}
{'loss': '1.903', 'grad_norm': '0.4205', 'learning_rate': '9.771e-05', 'epoch': '0.5123'}
{'loss': '2.631', 'grad_norm': '0.4973', 'learning_rate': '9.759e-05', 'epoch': '0.5129'}
{'loss': '2.425', 'grad_norm': '0.596', 'learning_rate': '9.747e-05', 'epoch': '0.5135'}
{'loss': '2.595', 'grad_norm': '0.5551', 'learning_rate': '9.735e-05', 'epoch': '0.5141'}
{'loss': '2.08', 'grad_norm': '0.4648', 'learning_rate': '9.723e-05', 'epoch': '0.5147'}
{'loss': '1.997', 'grad_norm': '0.5276', 'learning_rate': '9.71e-05', 'epoch': '0.5153'}
{'loss': '2.5', 'grad_norm': '0.5396', 'learning_rate': '9.698e-05', 'epoch': '0.5159'}
{'loss': '2.13', 'grad_norm': '0.4446', 'learning_rate': '9.686e-05', 'epoch': '0.5165'}
{'loss': '1.572', 'grad_norm': '0.6066', 'learning_rate': '9.674e-05', 'epoch': '0.5171'}
{'loss': '2.521', 'grad_norm': '0.8445', 'learning_rate': '9.662e-05', 'epoch': '0.5177'}
{'loss': '2.117', 'grad_norm': '0.4535', 'learning_rate': '9.65e-05', 'epoch': '0.5183'}
{'loss': '1.983', 'grad_norm': '0.5951', 'learning_rate': '9.638e-05', 'epoch': '0.5189'}
{'loss': '2.057', 'grad_norm': '0.4767', 'learning_rate': '9.626e-05', 'epoch': '0.5195'}
{'loss': '1.927', 'grad_norm': '0.3797', 'learning_rate': '9.614e-05', 'epoch': '0.5201'}
{'loss': '2.443', 'grad_norm': '0.6893', 'learning_rate': '9.602e-05', 'epoch': '0.5207'}
{'loss': '2.415', 'grad_norm': '0.5647', 'learning_rate': '9.59e-05', 'epoch': '0.5213'}
{'loss': '1.837', 'grad_norm': '0.4355', 'learning_rate': '9.578e-05', 'epoch': '0.5219'}
{'loss': '2.48', 'grad_norm': '0.6093', 'learning_rate': '9.566e-05', 'epoch': '0.5226'}
{'loss': '1.973', 'grad_norm': '0.4285', 'learning_rate': '9.554e-05', 'epoch': '0.5232'}
{'loss': '2.238', 'grad_norm': '0.5068', 'learning_rate': '9.542e-05', 'epoch': '0.5238'}
{'loss': '2.223', 'grad_norm': '0.426', 'learning_rate': '9.53e-05', 'epoch': '0.5244'}
{'loss': '2.124', 'grad_norm': '0.422', 'learning_rate': '9.517e-05', 'epoch': '0.525'}
{'loss': '2.399', 'grad_norm': '0.8823', 'learning_rate': '9.505e-05', 'epoch': '0.5256'}
{'loss': '2.638', 'grad_norm': '1.181', 'learning_rate': '9.493e-05', 'epoch': '0.5262'}
{'loss': '2.128', 'grad_norm': '0.5752', 'learning_rate': '9.481e-05', 'epoch': '0.5268'}
{'loss': '1.911', 'grad_norm': '0.434', 'learning_rate': '9.469e-05', 'epoch': '0.5274'}
{'loss': '2.881', 'grad_norm': '0.6955', 'learning_rate': '9.457e-05', 'epoch': '0.528'}
{'loss': '2.05', 'grad_norm': '0.5067', 'learning_rate': '9.445e-05', 'epoch': '0.5286'}
{'loss': '2.001', 'grad_norm': '0.4353', 'learning_rate': '9.433e-05', 'epoch': '0.5292'}
{'loss': '1.795', 'grad_norm': '0.4419', 'learning_rate': '9.421e-05', 'epoch': '0.5298'}
{'loss': '2.349', 'grad_norm': '0.5847', 'learning_rate': '9.409e-05', 'epoch': '0.5304'}
{'loss': '1.806', 'grad_norm': '0.3571', 'learning_rate': '9.397e-05', 'epoch': '0.531'}
{'loss': '2.143', 'grad_norm': '0.4381', 'learning_rate': '9.385e-05', 'epoch': '0.5316'}
{'loss': '2.153', 'grad_norm': '0.4684', 'learning_rate': '9.373e-05', 'epoch': '0.5322'}
{'loss': '2.02', 'grad_norm': '0.4848', 'learning_rate': '9.361e-05', 'epoch': '0.5328'}
{'loss': '2.035', 'grad_norm': '0.6081', 'learning_rate': '9.349e-05', 'epoch': '0.5334'}
{'loss': '2.202', 'grad_norm': '0.4289', 'learning_rate': '9.337e-05', 'epoch': '0.534'}
{'loss': '2.205', 'grad_norm': '0.524', 'learning_rate': '9.324e-05', 'epoch': '0.5346'}
{'loss': '1.868', 'grad_norm': '0.5849', 'learning_rate': '9.312e-05', 'epoch': '0.5352'}
{'loss': '1.736', 'grad_norm': '0.5671', 'learning_rate': '9.3e-05', 'epoch': '0.5358'}
{'loss': '2.013', 'grad_norm': '0.5062', 'learning_rate': '9.288e-05', 'epoch': '0.5364'}
{'loss': '2.151', 'grad_norm': '0.4451', 'learning_rate': '9.276e-05', 'epoch': '0.537'}
{'loss': '2.486', 'grad_norm': '0.4679', 'learning_rate': '9.264e-05', 'epoch': '0.5376'}
{'loss': '2.098', 'grad_norm': '0.4769', 'learning_rate': '9.252e-05', 'epoch': '0.5382'}
{'loss': '2.385', 'grad_norm': '0.5387', 'learning_rate': '9.24e-05', 'epoch': '0.5388'}
{'loss': '1.787', 'grad_norm': '0.3862', 'learning_rate': '9.228e-05', 'epoch': '0.5394'}
{'loss': '2.098', 'grad_norm': '0.4245', 'learning_rate': '9.216e-05', 'epoch': '0.5401'}
{'loss': '1.866', 'grad_norm': '0.3712', 'learning_rate': '9.204e-05', 'epoch': '0.5407'}
{'loss': '1.916', 'grad_norm': '0.4407', 'learning_rate': '9.192e-05', 'epoch': '0.5413'}
{'loss': '1.987', 'grad_norm': '0.4934', 'learning_rate': '9.18e-05', 'epoch': '0.5419'}
{'loss': '2.053', 'grad_norm': '0.4923', 'learning_rate': '9.168e-05', 'epoch': '0.5425'}
{'loss': '2.256', 'grad_norm': '0.6398', 'learning_rate': '9.156e-05', 'epoch': '0.5431'}
{'loss': '2.024', 'grad_norm': '0.4839', 'learning_rate': '9.144e-05', 'epoch': '0.5437'}
{'loss': '2.031', 'grad_norm': '0.497', 'learning_rate': '9.131e-05', 'epoch': '0.5443'}
{'loss': '1.9', 'grad_norm': '0.4118', 'learning_rate': '9.119e-05', 'epoch': '0.5449'}
{'loss': '2.87', 'grad_norm': '0.6233', 'learning_rate': '9.107e-05', 'epoch': '0.5455'}
{'loss': '1.453', 'grad_norm': '0.458', 'learning_rate': '9.095e-05', 'epoch': '0.5461'}
{'loss': '2.101', 'grad_norm': '0.4305', 'learning_rate': '9.083e-05', 'epoch': '0.5467'}
{'loss': '1.738', 'grad_norm': '0.4113', 'learning_rate': '9.071e-05', 'epoch': '0.5473'}
{'loss': '1.799', 'grad_norm': '0.4035', 'learning_rate': '9.059e-05', 'epoch': '0.5479'}
{'loss': '2.37', 'grad_norm': '0.7847', 'learning_rate': '9.047e-05', 'epoch': '0.5485'}
{'loss': '2.087', 'grad_norm': '0.4668', 'learning_rate': '9.035e-05', 'epoch': '0.5491'}
{'loss': '2.03', 'grad_norm': '0.7684', 'learning_rate': '9.023e-05', 'epoch': '0.5497'}
{'loss': '1.585', 'grad_norm': '0.4039', 'learning_rate': '9.011e-05', 'epoch': '0.5503'}
{'loss': '2.165', 'grad_norm': '0.5251', 'learning_rate': '8.999e-05', 'epoch': '0.5509'}
{'loss': '2.346', 'grad_norm': '0.5415', 'learning_rate': '8.987e-05', 'epoch': '0.5515'}
{'loss': '2.43', 'grad_norm': '0.4256', 'learning_rate': '8.975e-05', 'epoch': '0.5521'}
{'loss': '2.23', 'grad_norm': '0.5927', 'learning_rate': '8.963e-05', 'epoch': '0.5527'}
{'loss': '2.156', 'grad_norm': '0.6301', 'learning_rate': '8.951e-05', 'epoch': '0.5533'}
{'loss': '2.164', 'grad_norm': '0.3736', 'learning_rate': '8.938e-05', 'epoch': '0.5539'}
{'loss': '2.06', 'grad_norm': '0.4441', 'learning_rate': '8.926e-05', 'epoch': '0.5545'}
{'loss': '2.365', 'grad_norm': '0.489', 'learning_rate': '8.914e-05', 'epoch': '0.5551'}
{'loss': '2.2', 'grad_norm': '0.4214', 'learning_rate': '8.902e-05', 'epoch': '0.5557'}
{'loss': '1.895', 'grad_norm': '0.4817', 'learning_rate': '8.89e-05', 'epoch': '0.5563'}
{'loss': '1.861', 'grad_norm': '0.3899', 'learning_rate': '8.878e-05', 'epoch': '0.5569'}
{'loss': '2.284', 'grad_norm': '0.4664', 'learning_rate': '8.866e-05', 'epoch': '0.5576'}
{'loss': '2.496', 'grad_norm': '0.5318', 'learning_rate': '8.854e-05', 'epoch': '0.5582'}
{'loss': '2.069', 'grad_norm': '0.4796', 'learning_rate': '8.842e-05', 'epoch': '0.5588'}
{'loss': '1.704', 'grad_norm': '0.4009', 'learning_rate': '8.83e-05', 'epoch': '0.5594'}
{'loss': '2.1', 'grad_norm': '0.5517', 'learning_rate': '8.818e-05', 'epoch': '0.56'}
{'loss': '2.33', 'grad_norm': '0.682', 'learning_rate': '8.806e-05', 'epoch': '0.5606'}
{'loss': '1.778', 'grad_norm': '0.5308', 'learning_rate': '8.794e-05', 'epoch': '0.5612'}
{'loss': '1.866', 'grad_norm': '0.5604', 'learning_rate': '8.782e-05', 'epoch': '0.5618'}
{'loss': '1.867', 'grad_norm': '0.4594', 'learning_rate': '8.77e-05', 'epoch': '0.5624'}
{'loss': '2.216', 'grad_norm': '0.5991', 'learning_rate': '8.758e-05', 'epoch': '0.563'}
{'loss': '1.815', 'grad_norm': '0.4153', 'learning_rate': '8.745e-05', 'epoch': '0.5636'}
{'loss': '2.643', 'grad_norm': '0.7327', 'learning_rate': '8.733e-05', 'epoch': '0.5642'}
{'loss': '2.105', 'grad_norm': '0.5846', 'learning_rate': '8.721e-05', 'epoch': '0.5648'}
{'loss': '2.179', 'grad_norm': '0.4337', 'learning_rate': '8.709e-05', 'epoch': '0.5654'}
{'loss': '2.236', 'grad_norm': '1.299', 'learning_rate': '8.697e-05', 'epoch': '0.566'}
{'loss': '1.613', 'grad_norm': '0.529', 'learning_rate': '8.685e-05', 'epoch': '0.5666'}
{'loss': '2.469', 'grad_norm': '0.7681', 'learning_rate': '8.673e-05', 'epoch': '0.5672'}
{'loss': '2.182', 'grad_norm': '0.5132', 'learning_rate': '8.661e-05', 'epoch': '0.5678'}
{'loss': '2.227', 'grad_norm': '0.4934', 'learning_rate': '8.649e-05', 'epoch': '0.5684'}
{'loss': '1.811', 'grad_norm': '0.4571', 'learning_rate': '8.637e-05', 'epoch': '0.569'}
{'loss': '2.216', 'grad_norm': '0.4888', 'learning_rate': '8.625e-05', 'epoch': '0.5696'}
{'loss': '2.088', 'grad_norm': '0.5851', 'learning_rate': '8.613e-05', 'epoch': '0.5702'}
{'loss': '2.293', 'grad_norm': '0.8036', 'learning_rate': '8.601e-05', 'epoch': '0.5708'}
{'loss': '2.149', 'grad_norm': '0.9533', 'learning_rate': '8.589e-05', 'epoch': '0.5714'}
{'loss': '1.622', 'grad_norm': '0.4645', 'learning_rate': '8.577e-05', 'epoch': '0.572'}
{'loss': '2.216', 'grad_norm': '0.4612', 'learning_rate': '8.565e-05', 'epoch': '0.5726'}
{'loss': '2.402', 'grad_norm': '0.6371', 'learning_rate': '8.552e-05', 'epoch': '0.5732'}
{'loss': '2.037', 'grad_norm': '0.4406', 'learning_rate': '8.54e-05', 'epoch': '0.5738'}
{'loss': '2.02', 'grad_norm': '0.4493', 'learning_rate': '8.528e-05', 'epoch': '0.5744'}
{'loss': '2.031', 'grad_norm': '0.5355', 'learning_rate': '8.516e-05', 'epoch': '0.575'}
{'loss': '2.134', 'grad_norm': '0.3973', 'learning_rate': '8.504e-05', 'epoch': '0.5757'}
{'loss': '1.903', 'grad_norm': '0.4945', 'learning_rate': '8.492e-05', 'epoch': '0.5763'}
{'loss': '2.134', 'grad_norm': '0.579', 'learning_rate': '8.48e-05', 'epoch': '0.5769'}
{'loss': '2.261', 'grad_norm': '0.4156', 'learning_rate': '8.468e-05', 'epoch': '0.5775'}
{'loss': '2.025', 'grad_norm': '0.4612', 'learning_rate': '8.456e-05', 'epoch': '0.5781'}
{'loss': '2.763', 'grad_norm': '0.6227', 'learning_rate': '8.444e-05', 'epoch': '0.5787'}
{'loss': '1.74', 'grad_norm': '0.4688', 'learning_rate': '8.432e-05', 'epoch': '0.5793'}
{'loss': '2.049', 'grad_norm': '0.5885', 'learning_rate': '8.42e-05', 'epoch': '0.5799'}
{'loss': '1.963', 'grad_norm': '0.4658', 'learning_rate': '8.408e-05', 'epoch': '0.5805'}
{'loss': '2.499', 'grad_norm': '0.6618', 'learning_rate': '8.396e-05', 'epoch': '0.5811'}
{'loss': '2.225', 'grad_norm': '0.6476', 'learning_rate': '8.384e-05', 'epoch': '0.5817'}
{'loss': '2.643', 'grad_norm': '0.5161', 'learning_rate': '8.372e-05', 'epoch': '0.5823'}
{'loss': '2.111', 'grad_norm': '0.5553', 'learning_rate': '8.359e-05', 'epoch': '0.5829'}
{'loss': '1.832', 'grad_norm': '0.438', 'learning_rate': '8.347e-05', 'epoch': '0.5835'}
{'loss': '2.303', 'grad_norm': '0.4216', 'learning_rate': '8.335e-05', 'epoch': '0.5841'}
{'loss': '2.151', 'grad_norm': '0.4941', 'learning_rate': '8.323e-05', 'epoch': '0.5847'}
{'loss': '1.523', 'grad_norm': '0.5817', 'learning_rate': '8.311e-05', 'epoch': '0.5853'}
{'loss': '2.056', 'grad_norm': '0.5421', 'learning_rate': '8.299e-05', 'epoch': '0.5859'}
{'loss': '1.915', 'grad_norm': '0.4441', 'learning_rate': '8.287e-05', 'epoch': '0.5865'}
{'loss': '1.911', 'grad_norm': '0.472', 'learning_rate': '8.275e-05', 'epoch': '0.5871'}
{'loss': '2.187', 'grad_norm': '0.4165', 'learning_rate': '8.263e-05', 'epoch': '0.5877'}
{'loss': '1.889', 'grad_norm': '0.6363', 'learning_rate': '8.251e-05', 'epoch': '0.5883'}
{'loss': '2.497', 'grad_norm': '0.5532', 'learning_rate': '8.239e-05', 'epoch': '0.5889'}
{'loss': '2.128', 'grad_norm': '1.109', 'learning_rate': '8.227e-05', 'epoch': '0.5895'}
{'loss': '2.131', 'grad_norm': '0.5272', 'learning_rate': '8.215e-05', 'epoch': '0.5901'}
{'loss': '2.4', 'grad_norm': '0.5648', 'learning_rate': '8.203e-05', 'epoch': '0.5907'}
{'loss': '1.888', 'grad_norm': '0.4427', 'learning_rate': '8.191e-05', 'epoch': '0.5913'}
{'loss': '2.399', 'grad_norm': '0.5604', 'learning_rate': '8.179e-05', 'epoch': '0.5919'}
{'loss': '2.076', 'grad_norm': '0.622', 'learning_rate': '8.166e-05', 'epoch': '0.5925'}
{'loss': '2.041', 'grad_norm': '0.5035', 'learning_rate': '8.154e-05', 'epoch': '0.5932'}
{'loss': '1.748', 'grad_norm': '0.44', 'learning_rate': '8.142e-05', 'epoch': '0.5938'}
{'loss': '2.423', 'grad_norm': '0.5619', 'learning_rate': '8.13e-05', 'epoch': '0.5944'}
{'loss': '1.977', 'grad_norm': '0.5156', 'learning_rate': '8.118e-05', 'epoch': '0.595'}
{'loss': '2.519', 'grad_norm': '0.4422', 'learning_rate': '8.106e-05', 'epoch': '0.5956'}
{'loss': '2.155', 'grad_norm': '0.4704', 'learning_rate': '8.094e-05', 'epoch': '0.5962'}
{'loss': '2.057', 'grad_norm': '0.5297', 'learning_rate': '8.082e-05', 'epoch': '0.5968'}
{'loss': '2.016', 'grad_norm': '0.478', 'learning_rate': '8.07e-05', 'epoch': '0.5974'}
{'loss': '2.633', 'grad_norm': '0.7741', 'learning_rate': '8.058e-05', 'epoch': '0.598'}
{'loss': '1.744', 'grad_norm': '0.4888', 'learning_rate': '8.046e-05', 'epoch': '0.5986'}
{'loss': '1.884', 'grad_norm': '0.3676', 'learning_rate': '8.034e-05', 'epoch': '0.5992'}
{'loss': '1.648', 'grad_norm': '0.4607', 'learning_rate': '8.022e-05', 'epoch': '0.5998'}
{'loss': '1.917', 'grad_norm': '0.4029', 'learning_rate': '8.01e-05', 'epoch': '0.6004'}
{'loss': '1.811', 'grad_norm': '0.4252', 'learning_rate': '7.998e-05', 'epoch': '0.601'}
{'loss': '2.276', 'grad_norm': '0.5782', 'learning_rate': '7.986e-05', 'epoch': '0.6016'}
{'loss': '2.111', 'grad_norm': '0.552', 'learning_rate': '7.973e-05', 'epoch': '0.6022'}
{'loss': '1.948', 'grad_norm': '0.8103', 'learning_rate': '7.961e-05', 'epoch': '0.6028'}
{'loss': '1.923', 'grad_norm': '0.5293', 'learning_rate': '7.949e-05', 'epoch': '0.6034'}
{'loss': '2.112', 'grad_norm': '0.7346', 'learning_rate': '7.937e-05', 'epoch': '0.604'}
{'loss': '1.994', 'grad_norm': '0.484', 'learning_rate': '7.925e-05', 'epoch': '0.6046'}
{'loss': '2.248', 'grad_norm': '0.5421', 'learning_rate': '7.913e-05', 'epoch': '0.6052'}
{'loss': '2.877', 'grad_norm': '0.6462', 'learning_rate': '7.901e-05', 'epoch': '0.6058'}
{'loss': '2.003', 'grad_norm': '0.4641', 'learning_rate': '7.889e-05', 'epoch': '0.6064'}
{'loss': '1.711', 'grad_norm': '0.5578', 'learning_rate': '7.877e-05', 'epoch': '0.607'}
{'loss': '1.707', 'grad_norm': '0.415', 'learning_rate': '7.865e-05', 'epoch': '0.6076'}
{'loss': '2.13', 'grad_norm': '0.4217', 'learning_rate': '7.853e-05', 'epoch': '0.6082'}
{'loss': '1.994', 'grad_norm': '0.4705', 'learning_rate': '7.841e-05', 'epoch': '0.6088'}
{'loss': '2.381', 'grad_norm': '0.7048', 'learning_rate': '7.829e-05', 'epoch': '0.6094'}
{'loss': '1.955', 'grad_norm': '0.5681', 'learning_rate': '7.817e-05', 'epoch': '0.61'}
{'loss': '1.889', 'grad_norm': '0.6088', 'learning_rate': '7.805e-05', 'epoch': '0.6107'}
{'loss': '2.292', 'grad_norm': '0.571', 'learning_rate': '7.793e-05', 'epoch': '0.6113'}
{'loss': '2.231', 'grad_norm': '0.5085', 'learning_rate': '7.78e-05', 'epoch': '0.6119'}
{'loss': '1.994', 'grad_norm': '0.6464', 'learning_rate': '7.768e-05', 'epoch': '0.6125'}
{'loss': '1.914', 'grad_norm': '0.8265', 'learning_rate': '7.756e-05', 'epoch': '0.6131'}
{'loss': '1.889', 'grad_norm': '0.3693', 'learning_rate': '7.744e-05', 'epoch': '0.6137'}
{'loss': '1.958', 'grad_norm': '0.5058', 'learning_rate': '7.732e-05', 'epoch': '0.6143'}
{'loss': '2.486', 'grad_norm': '0.7267', 'learning_rate': '7.72e-05', 'epoch': '0.6149'}
{'loss': '1.858', 'grad_norm': '0.4538', 'learning_rate': '7.708e-05', 'epoch': '0.6155'}
{'loss': '2.921', 'grad_norm': '1.044', 'learning_rate': '7.696e-05', 'epoch': '0.6161'}
{'loss': '2.101', 'grad_norm': '0.4916', 'learning_rate': '7.684e-05', 'epoch': '0.6167'}
{'loss': '1.933', 'grad_norm': '0.6765', 'learning_rate': '7.672e-05', 'epoch': '0.6173'}
{'loss': '2.388', 'grad_norm': '0.6034', 'learning_rate': '7.66e-05', 'epoch': '0.6179'}
{'loss': '1.74', 'grad_norm': '0.4622', 'learning_rate': '7.648e-05', 'epoch': '0.6185'}
{'loss': '2.354', 'grad_norm': '0.602', 'learning_rate': '7.636e-05', 'epoch': '0.6191'}
{'loss': '1.958', 'grad_norm': '0.4709', 'learning_rate': '7.624e-05', 'epoch': '0.6197'}
{'loss': '1.821', 'grad_norm': '0.5858', 'learning_rate': '7.612e-05', 'epoch': '0.6203'}
{'loss': '1.947', 'grad_norm': '0.5002', 'learning_rate': '7.6e-05', 'epoch': '0.6209'}
{'loss': '1.806', 'grad_norm': '0.5046', 'learning_rate': '7.587e-05', 'epoch': '0.6215'}
{'loss': '2.151', 'grad_norm': '0.9609', 'learning_rate': '7.575e-05', 'epoch': '0.6221'}
{'loss': '2.029', 'grad_norm': '0.4526', 'learning_rate': '7.563e-05', 'epoch': '0.6227'}
{'loss': '1.934', 'grad_norm': '0.3709', 'learning_rate': '7.551e-05', 'epoch': '0.6233'}
{'loss': '1.445', 'grad_norm': '0.4686', 'learning_rate': '7.539e-05', 'epoch': '0.6239'}
{'loss': '1.776', 'grad_norm': '0.4607', 'learning_rate': '7.527e-05', 'epoch': '0.6245'}
{'loss': '2.175', 'grad_norm': '0.5153', 'learning_rate': '7.515e-05', 'epoch': '0.6251'}
{'loss': '2.228', 'grad_norm': '0.6512', 'learning_rate': '7.503e-05', 'epoch': '0.6257'}
{'loss': '1.967', 'grad_norm': '0.7178', 'learning_rate': '7.491e-05', 'epoch': '0.6263'}
{'loss': '1.76', 'grad_norm': '0.4017', 'learning_rate': '7.479e-05', 'epoch': '0.6269'}
{'loss': '1.755', 'grad_norm': '0.538', 'learning_rate': '7.467e-05', 'epoch': '0.6275'}
{'loss': '1.983', 'grad_norm': '0.5262', 'learning_rate': '7.455e-05', 'epoch': '0.6281'}
{'loss': '2.015', 'grad_norm': '0.4948', 'learning_rate': '7.443e-05', 'epoch': '0.6288'}
{'loss': '1.883', 'grad_norm': '0.5411', 'learning_rate': '7.431e-05', 'epoch': '0.6294'}
{'loss': '2.035', 'grad_norm': '0.5385', 'learning_rate': '7.419e-05', 'epoch': '0.63'}
{'loss': '2.184', 'grad_norm': '0.8213', 'learning_rate': '7.407e-05', 'epoch': '0.6306'}
{'loss': '1.943', 'grad_norm': '0.5162', 'learning_rate': '7.394e-05', 'epoch': '0.6312'}
{'loss': '2.263', 'grad_norm': '0.6609', 'learning_rate': '7.382e-05', 'epoch': '0.6318'}
{'loss': '1.683', 'grad_norm': '0.6646', 'learning_rate': '7.37e-05', 'epoch': '0.6324'}
{'loss': '2.072', 'grad_norm': '0.4753', 'learning_rate': '7.358e-05', 'epoch': '0.633'}
{'loss': '1.959', 'grad_norm': '0.5492', 'learning_rate': '7.346e-05', 'epoch': '0.6336'}
{'loss': '1.705', 'grad_norm': '0.4428', 'learning_rate': '7.334e-05', 'epoch': '0.6342'}
{'loss': '1.747', 'grad_norm': '0.3834', 'learning_rate': '7.322e-05', 'epoch': '0.6348'}
{'loss': '1.77', 'grad_norm': '0.5945', 'learning_rate': '7.31e-05', 'epoch': '0.6354'}
{'loss': '2.261', 'grad_norm': '0.5353', 'learning_rate': '7.298e-05', 'epoch': '0.636'}
{'loss': '2.203', 'grad_norm': '0.4778', 'learning_rate': '7.286e-05', 'epoch': '0.6366'}
{'loss': '2.214', 'grad_norm': '0.5589', 'learning_rate': '7.274e-05', 'epoch': '0.6372'}
{'loss': '2.089', 'grad_norm': '0.4061', 'learning_rate': '7.262e-05', 'epoch': '0.6378'}
{'loss': '1.873', 'grad_norm': '0.4579', 'learning_rate': '7.25e-05', 'epoch': '0.6384'}
{'loss': '2.449', 'grad_norm': '0.8019', 'learning_rate': '7.238e-05', 'epoch': '0.639'}
{'loss': '2.363', 'grad_norm': '0.5865', 'learning_rate': '7.226e-05', 'epoch': '0.6396'}
{'loss': '1.94', 'grad_norm': '0.7338', 'learning_rate': '7.214e-05', 'epoch': '0.6402'}
{'loss': '2.224', 'grad_norm': '0.7548', 'learning_rate': '7.201e-05', 'epoch': '0.6408'}
{'loss': '1.824', 'grad_norm': '0.4618', 'learning_rate': '7.189e-05', 'epoch': '0.6414'}
{'loss': '2.117', 'grad_norm': '0.6027', 'learning_rate': '7.177e-05', 'epoch': '0.642'}
{'loss': '2.192', 'grad_norm': '0.5931', 'learning_rate': '7.165e-05', 'epoch': '0.6426'}
{'loss': '2.171', 'grad_norm': '0.6479', 'learning_rate': '7.153e-05', 'epoch': '0.6432'}
{'loss': '1.941', 'grad_norm': '0.4324', 'learning_rate': '7.141e-05', 'epoch': '0.6438'}
{'loss': '2.377', 'grad_norm': '0.4642', 'learning_rate': '7.129e-05', 'epoch': '0.6444'}
{'loss': '1.89', 'grad_norm': '0.5565', 'learning_rate': '7.117e-05', 'epoch': '0.645'}
{'loss': '2.373', 'grad_norm': '0.4675', 'learning_rate': '7.105e-05', 'epoch': '0.6456'}
{'loss': '1.982', 'grad_norm': '0.4249', 'learning_rate': '7.093e-05', 'epoch': '0.6463'}
{'loss': '2.082', 'grad_norm': '0.5958', 'learning_rate': '7.081e-05', 'epoch': '0.6469'}
{'loss': '2.297', 'grad_norm': '0.6326', 'learning_rate': '7.069e-05', 'epoch': '0.6475'}
{'loss': '2.212', 'grad_norm': '0.6197', 'learning_rate': '7.057e-05', 'epoch': '0.6481'}
{'loss': '2.048', 'grad_norm': '0.649', 'learning_rate': '7.045e-05', 'epoch': '0.6487'}
{'loss': '1.968', 'grad_norm': '0.5506', 'learning_rate': '7.033e-05', 'epoch': '0.6493'}
{'loss': '1.819', 'grad_norm': '0.4815', 'learning_rate': '7.021e-05', 'epoch': '0.6499'}
{'loss': '2.053', 'grad_norm': '0.4611', 'learning_rate': '7.008e-05', 'epoch': '0.6505'}
{'loss': '1.795', 'grad_norm': '0.6447', 'learning_rate': '6.996e-05', 'epoch': '0.6511'}
{'loss': '1.972', 'grad_norm': '0.4618', 'learning_rate': '6.984e-05', 'epoch': '0.6517'}
{'loss': '1.96', 'grad_norm': '0.492', 'learning_rate': '6.972e-05', 'epoch': '0.6523'}
{'loss': '2.086', 'grad_norm': '0.4343', 'learning_rate': '6.96e-05', 'epoch': '0.6529'}
{'loss': '1.846', 'grad_norm': '0.5736', 'learning_rate': '6.948e-05', 'epoch': '0.6535'}
{'loss': '1.557', 'grad_norm': '0.686', 'learning_rate': '6.936e-05', 'epoch': '0.6541'}
{'loss': '1.785', 'grad_norm': '0.4467', 'learning_rate': '6.924e-05', 'epoch': '0.6547'}
{'loss': '1.914', 'grad_norm': '0.5054', 'learning_rate': '6.912e-05', 'epoch': '0.6553'}
{'loss': '1.694', 'grad_norm': '0.4118', 'learning_rate': '6.9e-05', 'epoch': '0.6559'}
{'loss': '2.713', 'grad_norm': '0.6953', 'learning_rate': '6.888e-05', 'epoch': '0.6565'}
{'loss': '2.333', 'grad_norm': '0.6366', 'learning_rate': '6.876e-05', 'epoch': '0.6571'}
{'loss': '2.149', 'grad_norm': '0.8208', 'learning_rate': '6.864e-05', 'epoch': '0.6577'}
{'loss': '1.905', 'grad_norm': '0.8496', 'learning_rate': '6.852e-05', 'epoch': '0.6583'}
{'loss': '1.837', 'grad_norm': '0.7562', 'learning_rate': '6.84e-05', 'epoch': '0.6589'}
{'loss': '2.447', 'grad_norm': '0.5526', 'learning_rate': '6.828e-05', 'epoch': '0.6595'}
{'loss': '2.292', 'grad_norm': '0.5315', 'learning_rate': '6.815e-05', 'epoch': '0.6601'}
{'loss': '2.395', 'grad_norm': '0.5923', 'learning_rate': '6.803e-05', 'epoch': '0.6607'}
{'loss': '1.423', 'grad_norm': '0.4676', 'learning_rate': '6.791e-05', 'epoch': '0.6613'}
{'loss': '2.119', 'grad_norm': '0.6322', 'learning_rate': '6.779e-05', 'epoch': '0.6619'}
{'loss': '2.016', 'grad_norm': '0.6689', 'learning_rate': '6.767e-05', 'epoch': '0.6625'}
{'loss': '1.865', 'grad_norm': '0.5401', 'learning_rate': '6.755e-05', 'epoch': '0.6631'}
{'loss': '2.269', 'grad_norm': '0.711', 'learning_rate': '6.743e-05', 'epoch': '0.6638'}
{'loss': '2.468', 'grad_norm': '0.6006', 'learning_rate': '6.731e-05', 'epoch': '0.6644'}
{'loss': '2.422', 'grad_norm': '0.7479', 'learning_rate': '6.719e-05', 'epoch': '0.665'}
{'loss': '2.016', 'grad_norm': '0.5349', 'learning_rate': '6.707e-05', 'epoch': '0.6656'}
{'loss': '2.022', 'grad_norm': '0.5983', 'learning_rate': '6.695e-05', 'epoch': '0.6662'}
{'loss': '2.036', 'grad_norm': '0.6272', 'learning_rate': '6.683e-05', 'epoch': '0.6668'}
{'loss': '2.089', 'grad_norm': '0.6721', 'learning_rate': '6.671e-05', 'epoch': '0.6674'}
{'loss': '2.045', 'grad_norm': '0.5707', 'learning_rate': '6.659e-05', 'epoch': '0.668'}
{'loss': '2.03', 'grad_norm': '0.6786', 'learning_rate': '6.647e-05', 'epoch': '0.6686'}
{'loss': '2.249', 'grad_norm': '0.5079', 'learning_rate': '6.634e-05', 'epoch': '0.6692'}
{'loss': '1.957', 'grad_norm': '0.3878', 'learning_rate': '6.622e-05', 'epoch': '0.6698'}
{'loss': '1.595', 'grad_norm': '0.5284', 'learning_rate': '6.61e-05', 'epoch': '0.6704'}
{'loss': '2.043', 'grad_norm': '0.5061', 'learning_rate': '6.598e-05', 'epoch': '0.671'}
{'loss': '2.148', 'grad_norm': '0.5045', 'learning_rate': '6.586e-05', 'epoch': '0.6716'}
{'loss': '1.769', 'grad_norm': '0.5045', 'learning_rate': '6.574e-05', 'epoch': '0.6722'}
{'loss': '2.202', 'grad_norm': '0.5639', 'learning_rate': '6.562e-05', 'epoch': '0.6728'}
{'loss': '2.164', 'grad_norm': '0.5261', 'learning_rate': '6.55e-05', 'epoch': '0.6734'}
{'loss': '2.596', 'grad_norm': '0.822', 'learning_rate': '6.538e-05', 'epoch': '0.674'}
{'loss': '2.104', 'grad_norm': '0.4539', 'learning_rate': '6.526e-05', 'epoch': '0.6746'}
{'loss': '2.147', 'grad_norm': '0.5739', 'learning_rate': '6.514e-05', 'epoch': '0.6752'}
{'loss': '2.272', 'grad_norm': '0.471', 'learning_rate': '6.502e-05', 'epoch': '0.6758'}
{'loss': '1.97', 'grad_norm': '0.5092', 'learning_rate': '6.49e-05', 'epoch': '0.6764'}
{'loss': '2.143', 'grad_norm': '0.522', 'learning_rate': '6.478e-05', 'epoch': '0.677'}
{'loss': '2.128', 'grad_norm': '0.6935', 'learning_rate': '6.466e-05', 'epoch': '0.6776'}
{'loss': '2.278', 'grad_norm': '0.8066', 'learning_rate': '6.454e-05', 'epoch': '0.6782'}
{'loss': '1.829', 'grad_norm': '0.4309', 'learning_rate': '6.441e-05', 'epoch': '0.6788'}
{'loss': '1.889', 'grad_norm': '0.4789', 'learning_rate': '6.429e-05', 'epoch': '0.6794'}
{'loss': '2.435', 'grad_norm': '0.5673', 'learning_rate': '6.417e-05', 'epoch': '0.68'}
{'loss': '1.846', 'grad_norm': '0.681', 'learning_rate': '6.405e-05', 'epoch': '0.6806'}
{'loss': '2.632', 'grad_norm': '0.6483', 'learning_rate': '6.393e-05', 'epoch': '0.6812'}
{'loss': '1.72', 'grad_norm': '0.6837', 'learning_rate': '6.381e-05', 'epoch': '0.6819'}
{'loss': '1.876', 'grad_norm': '0.662', 'learning_rate': '6.369e-05', 'epoch': '0.6825'}
{'loss': '2.638', 'grad_norm': '0.6151', 'learning_rate': '6.357e-05', 'epoch': '0.6831'}
{'loss': '2.304', 'grad_norm': '0.5308', 'learning_rate': '6.345e-05', 'epoch': '0.6837'}
{'loss': '2.009', 'grad_norm': '0.5871', 'learning_rate': '6.333e-05', 'epoch': '0.6843'}
{'loss': '1.98', 'grad_norm': '0.4975', 'learning_rate': '6.321e-05', 'epoch': '0.6849'}
{'loss': '2.073', 'grad_norm': '0.4517', 'learning_rate': '6.309e-05', 'epoch': '0.6855'}
{'loss': '2.336', 'grad_norm': '0.5884', 'learning_rate': '6.297e-05', 'epoch': '0.6861'}
{'loss': '2.087', 'grad_norm': '0.4615', 'learning_rate': '6.285e-05', 'epoch': '0.6867'}
{'loss': '1.768', 'grad_norm': '0.7015', 'learning_rate': '6.273e-05', 'epoch': '0.6873'}
{'loss': '2.223', 'grad_norm': '0.5814', 'learning_rate': '6.261e-05', 'epoch': '0.6879'}
{'loss': '1.759', 'grad_norm': '0.4987', 'learning_rate': '6.248e-05', 'epoch': '0.6885'}
{'loss': '1.962', 'grad_norm': '0.4821', 'learning_rate': '6.236e-05', 'epoch': '0.6891'}
{'loss': '2.572', 'grad_norm': '0.8547', 'learning_rate': '6.224e-05', 'epoch': '0.6897'}
{'loss': '1.666', 'grad_norm': '0.5588', 'learning_rate': '6.212e-05', 'epoch': '0.6903'}
{'loss': '2.29', 'grad_norm': '0.4522', 'learning_rate': '6.2e-05', 'epoch': '0.6909'}
{'loss': '1.99', 'grad_norm': '0.603', 'learning_rate': '6.188e-05', 'epoch': '0.6915'}
{'loss': '2.187', 'grad_norm': '0.4415', 'learning_rate': '6.176e-05', 'epoch': '0.6921'}
{'loss': '2.254', 'grad_norm': '0.7242', 'learning_rate': '6.164e-05', 'epoch': '0.6927'}
{'loss': '1.798', 'grad_norm': '0.4252', 'learning_rate': '6.152e-05', 'epoch': '0.6933'}
{'loss': '2.14', 'grad_norm': '0.4967', 'learning_rate': '6.14e-05', 'epoch': '0.6939'}
{'loss': '2.02', 'grad_norm': '0.5222', 'learning_rate': '6.128e-05', 'epoch': '0.6945'}
{'loss': '1.924', 'grad_norm': '0.5104', 'learning_rate': '6.116e-05', 'epoch': '0.6951'}
{'loss': '2.361', 'grad_norm': '0.5777', 'learning_rate': '6.104e-05', 'epoch': '0.6957'}
{'loss': '2.139', 'grad_norm': '0.4514', 'learning_rate': '6.092e-05', 'epoch': '0.6963'}
{'loss': '2.717', 'grad_norm': '0.4936', 'learning_rate': '6.08e-05', 'epoch': '0.6969'}
{'loss': '2.153', 'grad_norm': '0.5491', 'learning_rate': '6.068e-05', 'epoch': '0.6975'}
{'loss': '1.978', 'grad_norm': '0.6249', 'learning_rate': '6.055e-05', 'epoch': '0.6981'}
{'loss': '2.319', 'grad_norm': '0.6169', 'learning_rate': '6.043e-05', 'epoch': '0.6987'}
{'loss': '2.438', 'grad_norm': '0.5811', 'learning_rate': '6.031e-05', 'epoch': '0.6994'}
{'loss': '2.19', 'grad_norm': '0.478', 'learning_rate': '6.019e-05', 'epoch': '0.7'}
{'loss': '2.46', 'grad_norm': '0.6945', 'learning_rate': '6.007e-05', 'epoch': '0.7006'}
{'loss': '1.694', 'grad_norm': '0.6404', 'learning_rate': '5.995e-05', 'epoch': '0.7012'}
{'loss': '1.731', 'grad_norm': '0.4575', 'learning_rate': '5.983e-05', 'epoch': '0.7018'}
{'loss': '1.557', 'grad_norm': '0.4453', 'learning_rate': '5.971e-05', 'epoch': '0.7024'}
{'loss': '2.368', 'grad_norm': '0.5276', 'learning_rate': '5.959e-05', 'epoch': '0.703'}
{'loss': '1.956', 'grad_norm': '0.5328', 'learning_rate': '5.947e-05', 'epoch': '0.7036'}
{'loss': '1.707', 'grad_norm': '0.5883', 'learning_rate': '5.935e-05', 'epoch': '0.7042'}
{'loss': '2.232', 'grad_norm': '0.6538', 'learning_rate': '5.923e-05', 'epoch': '0.7048'}
{'loss': '1.754', 'grad_norm': '0.5769', 'learning_rate': '5.911e-05', 'epoch': '0.7054'}
{'loss': '2.378', 'grad_norm': '0.5398', 'learning_rate': '5.899e-05', 'epoch': '0.706'}
{'loss': '1.55', 'grad_norm': '0.5334', 'learning_rate': '5.887e-05', 'epoch': '0.7066'}
{'loss': '2.124', 'grad_norm': '0.5511', 'learning_rate': '5.875e-05', 'epoch': '0.7072'}
{'loss': '1.928', 'grad_norm': '0.4807', 'learning_rate': '5.862e-05', 'epoch': '0.7078'}
{'loss': '1.952', 'grad_norm': '0.4748', 'learning_rate': '5.85e-05', 'epoch': '0.7084'}
{'loss': '2.666', 'grad_norm': '0.629', 'learning_rate': '5.838e-05', 'epoch': '0.709'}
{'loss': '2.429', 'grad_norm': '0.4931', 'learning_rate': '5.826e-05', 'epoch': '0.7096'}
{'loss': '2.152', 'grad_norm': '0.4644', 'learning_rate': '5.814e-05', 'epoch': '0.7102'}
{'loss': '2.204', 'grad_norm': '0.4432', 'learning_rate': '5.802e-05', 'epoch': '0.7108'}
{'loss': '2.171', 'grad_norm': '0.671', 'learning_rate': '5.79e-05', 'epoch': '0.7114'}
{'loss': '1.946', 'grad_norm': '0.5445', 'learning_rate': '5.778e-05', 'epoch': '0.712'}
{'loss': '2.001', 'grad_norm': '0.4369', 'learning_rate': '5.766e-05', 'epoch': '0.7126'}
{'loss': '1.812', 'grad_norm': '0.5017', 'learning_rate': '5.754e-05', 'epoch': '0.7132'}
{'loss': '1.769', 'grad_norm': '0.5363', 'learning_rate': '5.742e-05', 'epoch': '0.7138'}
{'loss': '2.492', 'grad_norm': '0.609', 'learning_rate': '5.73e-05', 'epoch': '0.7144'}
{'loss': '2.096', 'grad_norm': '0.5444', 'learning_rate': '5.718e-05', 'epoch': '0.715'}
{'loss': '2.121', 'grad_norm': '0.4293', 'learning_rate': '5.706e-05', 'epoch': '0.7156'}
{'loss': '2.064', 'grad_norm': '0.5084', 'learning_rate': '5.694e-05', 'epoch': '0.7162'}
{'loss': '2.305', 'grad_norm': '0.5374', 'learning_rate': '5.682e-05', 'epoch': '0.7169'}
{'loss': '2.268', 'grad_norm': '0.6801', 'learning_rate': '5.669e-05', 'epoch': '0.7175'}
{'loss': '2.056', 'grad_norm': '0.5039', 'learning_rate': '5.657e-05', 'epoch': '0.7181'}
{'loss': '2.225', 'grad_norm': '0.5332', 'learning_rate': '5.645e-05', 'epoch': '0.7187'}
{'loss': '1.839', 'grad_norm': '0.613', 'learning_rate': '5.633e-05', 'epoch': '0.7193'}
{'loss': '2.169', 'grad_norm': '0.4606', 'learning_rate': '5.621e-05', 'epoch': '0.7199'}
{'loss': '2.404', 'grad_norm': '0.6175', 'learning_rate': '5.609e-05', 'epoch': '0.7205'}
{'loss': '1.917', 'grad_norm': '0.4416', 'learning_rate': '5.597e-05', 'epoch': '0.7211'}
{'loss': '1.948', 'grad_norm': '0.4897', 'learning_rate': '5.585e-05', 'epoch': '0.7217'}
{'loss': '1.885', 'grad_norm': '0.4106', 'learning_rate': '5.573e-05', 'epoch': '0.7223'}
{'loss': '1.807', 'grad_norm': '0.4402', 'learning_rate': '5.561e-05', 'epoch': '0.7229'}
{'loss': '2.575', 'grad_norm': '0.5328', 'learning_rate': '5.549e-05', 'epoch': '0.7235'}
{'loss': '2.195', 'grad_norm': '0.5412', 'learning_rate': '5.537e-05', 'epoch': '0.7241'}
{'loss': '2.168', 'grad_norm': '0.8652', 'learning_rate': '5.525e-05', 'epoch': '0.7247'}
{'loss': '2.222', 'grad_norm': '0.5652', 'learning_rate': '5.513e-05', 'epoch': '0.7253'}
{'loss': '2.481', 'grad_norm': '0.8251', 'learning_rate': '5.501e-05', 'epoch': '0.7259'}
{'loss': '2.642', 'grad_norm': '0.6527', 'learning_rate': '5.489e-05', 'epoch': '0.7265'}
{'loss': '2', 'grad_norm': '0.5384', 'learning_rate': '5.476e-05', 'epoch': '0.7271'}
{'loss': '2.272', 'grad_norm': '0.5168', 'learning_rate': '5.464e-05', 'epoch': '0.7277'}
{'loss': '1.808', 'grad_norm': '0.4906', 'learning_rate': '5.452e-05', 'epoch': '0.7283'}
{'loss': '1.539', 'grad_norm': '0.624', 'learning_rate': '5.44e-05', 'epoch': '0.7289'}
{'loss': '1.993', 'grad_norm': '0.4056', 'learning_rate': '5.428e-05', 'epoch': '0.7295'}
{'loss': '2.025', 'grad_norm': '0.6759', 'learning_rate': '5.416e-05', 'epoch': '0.7301'}
{'loss': '2.276', 'grad_norm': '0.492', 'learning_rate': '5.404e-05', 'epoch': '0.7307'}
{'loss': '1.52', 'grad_norm': '0.6086', 'learning_rate': '5.392e-05', 'epoch': '0.7313'}
{'loss': '1.809', 'grad_norm': '0.5482', 'learning_rate': '5.38e-05', 'epoch': '0.7319'}
{'loss': '1.879', 'grad_norm': '0.4835', 'learning_rate': '5.368e-05', 'epoch': '0.7325'}
{'loss': '2.123', 'grad_norm': '0.5088', 'learning_rate': '5.356e-05', 'epoch': '0.7331'}
{'loss': '2.087', 'grad_norm': '0.4354', 'learning_rate': '5.344e-05', 'epoch': '0.7337'}
{'loss': '2.142', 'grad_norm': '0.5663', 'learning_rate': '5.332e-05', 'epoch': '0.7343'}
{'loss': '2.335', 'grad_norm': '0.4877', 'learning_rate': '5.32e-05', 'epoch': '0.735'}
{'loss': '1.875', 'grad_norm': '0.4433', 'learning_rate': '5.308e-05', 'epoch': '0.7356'}
{'loss': '1.694', 'grad_norm': '0.5788', 'learning_rate': '5.296e-05', 'epoch': '0.7362'}
{'loss': '2.173', 'grad_norm': '0.6322', 'learning_rate': '5.283e-05', 'epoch': '0.7368'}
{'loss': '2.371', 'grad_norm': '0.5932', 'learning_rate': '5.271e-05', 'epoch': '0.7374'}
{'loss': '2.189', 'grad_norm': '0.5363', 'learning_rate': '5.259e-05', 'epoch': '0.738'}
{'loss': '2.231', 'grad_norm': '0.515', 'learning_rate': '5.247e-05', 'epoch': '0.7386'}
{'loss': '2.406', 'grad_norm': '1.44', 'learning_rate': '5.235e-05', 'epoch': '0.7392'}
{'loss': '2.163', 'grad_norm': '0.5677', 'learning_rate': '5.223e-05', 'epoch': '0.7398'}
{'loss': '2.699', 'grad_norm': '0.7212', 'learning_rate': '5.211e-05', 'epoch': '0.7404'}
{'loss': '1.906', 'grad_norm': '0.4512', 'learning_rate': '5.199e-05', 'epoch': '0.741'}
{'loss': '1.526', 'grad_norm': '0.5054', 'learning_rate': '5.187e-05', 'epoch': '0.7416'}
{'loss': '2.058', 'grad_norm': '0.391', 'learning_rate': '5.175e-05', 'epoch': '0.7422'}
{'loss': '2.675', 'grad_norm': '0.4826', 'learning_rate': '5.163e-05', 'epoch': '0.7428'}
{'loss': '2.238', 'grad_norm': '0.4333', 'learning_rate': '5.151e-05', 'epoch': '0.7434'}
{'loss': '2.394', 'grad_norm': '0.3946', 'learning_rate': '5.139e-05', 'epoch': '0.744'}
{'loss': '1.86', 'grad_norm': '0.4997', 'learning_rate': '5.127e-05', 'epoch': '0.7446'}
{'loss': '1.957', 'grad_norm': '0.6719', 'learning_rate': '5.115e-05', 'epoch': '0.7452'}
{'loss': '1.795', 'grad_norm': '0.4746', 'learning_rate': '5.103e-05', 'epoch': '0.7458'}
{'loss': '2.194', 'grad_norm': '0.8484', 'learning_rate': '5.09e-05', 'epoch': '0.7464'}
{'loss': '2.098', 'grad_norm': '0.5219', 'learning_rate': '5.078e-05', 'epoch': '0.747'}
{'loss': '2.028', 'grad_norm': '0.5103', 'learning_rate': '5.066e-05', 'epoch': '0.7476'}
{'loss': '1.909', 'grad_norm': '0.5619', 'learning_rate': '5.054e-05', 'epoch': '0.7482'}
{'loss': '1.871', 'grad_norm': '0.439', 'learning_rate': '5.042e-05', 'epoch': '0.7488'}
{'loss': '1.846', 'grad_norm': '0.5128', 'learning_rate': '5.03e-05', 'epoch': '0.7494'}
{'loss': '2.043', 'grad_norm': '0.6494', 'learning_rate': '5.018e-05', 'epoch': '0.75'}
{'loss': '2.177', 'grad_norm': '0.5546', 'learning_rate': '5.006e-05', 'epoch': '0.7506'}
{'loss': '1.91', 'grad_norm': '0.4563', 'learning_rate': '4.994e-05', 'epoch': '0.7512'}
{'loss': '1.536', 'grad_norm': '0.5512', 'learning_rate': '4.982e-05', 'epoch': '0.7518'}
{'loss': '2.207', 'grad_norm': '0.5317', 'learning_rate': '4.97e-05', 'epoch': '0.7525'}
{'loss': '1.942', 'grad_norm': '0.5189', 'learning_rate': '4.958e-05', 'epoch': '0.7531'}
{'loss': '2.284', 'grad_norm': '0.6062', 'learning_rate': '4.946e-05', 'epoch': '0.7537'}
{'loss': '2.078', 'grad_norm': '0.4763', 'learning_rate': '4.934e-05', 'epoch': '0.7543'}
{'loss': '2.12', 'grad_norm': '0.4885', 'learning_rate': '4.922e-05', 'epoch': '0.7549'}
{'loss': '2.135', 'grad_norm': '0.3881', 'learning_rate': '4.91e-05', 'epoch': '0.7555'}
{'loss': '2.03', 'grad_norm': '0.4838', 'learning_rate': '4.897e-05', 'epoch': '0.7561'}
{'loss': '1.991', 'grad_norm': '0.4946', 'learning_rate': '4.885e-05', 'epoch': '0.7567'}
{'loss': '2.035', 'grad_norm': '0.5454', 'learning_rate': '4.873e-05', 'epoch': '0.7573'}
{'loss': '2.041', 'grad_norm': '0.5865', 'learning_rate': '4.861e-05', 'epoch': '0.7579'}
{'loss': '2.098', 'grad_norm': '0.5411', 'learning_rate': '4.849e-05', 'epoch': '0.7585'}
{'loss': '2.137', 'grad_norm': '0.493', 'learning_rate': '4.837e-05', 'epoch': '0.7591'}
{'loss': '2.175', 'grad_norm': '0.5678', 'learning_rate': '4.825e-05', 'epoch': '0.7597'}
{'loss': '1.62', 'grad_norm': '0.5093', 'learning_rate': '4.813e-05', 'epoch': '0.7603'}
{'loss': '2.189', 'grad_norm': '0.5713', 'learning_rate': '4.801e-05', 'epoch': '0.7609'}
{'loss': '1.863', 'grad_norm': '0.5415', 'learning_rate': '4.789e-05', 'epoch': '0.7615'}
{'loss': '1.953', 'grad_norm': '0.497', 'learning_rate': '4.777e-05', 'epoch': '0.7621'}
{'loss': '2.044', 'grad_norm': '0.4981', 'learning_rate': '4.765e-05', 'epoch': '0.7627'}
{'loss': '1.802', 'grad_norm': '0.3491', 'learning_rate': '4.753e-05', 'epoch': '0.7633'}
{'loss': '1.703', 'grad_norm': '0.7732', 'learning_rate': '4.741e-05', 'epoch': '0.7639'}
{'loss': '1.943', 'grad_norm': '0.5387', 'learning_rate': '4.729e-05', 'epoch': '0.7645'}
{'loss': '2.3', 'grad_norm': '0.522', 'learning_rate': '4.717e-05', 'epoch': '0.7651'}
{'loss': '2.632', 'grad_norm': '0.5903', 'learning_rate': '4.704e-05', 'epoch': '0.7657'}
{'loss': '2.006', 'grad_norm': '0.4964', 'learning_rate': '4.692e-05', 'epoch': '0.7663'}
{'loss': '1.939', 'grad_norm': '0.4846', 'learning_rate': '4.68e-05', 'epoch': '0.7669'}
{'loss': '2.043', 'grad_norm': '0.6261', 'learning_rate': '4.668e-05', 'epoch': '0.7675'}
{'loss': '2.128', 'grad_norm': '0.5214', 'learning_rate': '4.656e-05', 'epoch': '0.7681'}
{'loss': '2.408', 'grad_norm': '0.5857', 'learning_rate': '4.644e-05', 'epoch': '0.7687'}
{'loss': '1.987', 'grad_norm': '0.714', 'learning_rate': '4.632e-05', 'epoch': '0.7693'}
{'loss': '1.606', 'grad_norm': '0.657', 'learning_rate': '4.62e-05', 'epoch': '0.77'}
{'loss': '2.013', 'grad_norm': '0.5845', 'learning_rate': '4.608e-05', 'epoch': '0.7706'}
{'loss': '1.872', 'grad_norm': '0.5576', 'learning_rate': '4.596e-05', 'epoch': '0.7712'}
{'loss': '2.206', 'grad_norm': '0.6377', 'learning_rate': '4.584e-05', 'epoch': '0.7718'}
{'loss': '2.428', 'grad_norm': '1.024', 'learning_rate': '4.572e-05', 'epoch': '0.7724'}
{'loss': '2.495', 'grad_norm': '0.6785', 'learning_rate': '4.56e-05', 'epoch': '0.773'}
{'loss': '2.195', 'grad_norm': '0.6894', 'learning_rate': '4.548e-05', 'epoch': '0.7736'}
{'loss': '1.919', 'grad_norm': '0.3969', 'learning_rate': '4.536e-05', 'epoch': '0.7742'}
{'loss': '1.994', 'grad_norm': '0.6376', 'learning_rate': '4.524e-05', 'epoch': '0.7748'}
{'loss': '1.821', 'grad_norm': '0.5929', 'learning_rate': '4.511e-05', 'epoch': '0.7754'}
{'loss': '1.932', 'grad_norm': '0.5868', 'learning_rate': '4.499e-05', 'epoch': '0.776'}
{'loss': '2.143', 'grad_norm': '0.6121', 'learning_rate': '4.487e-05', 'epoch': '0.7766'}
{'loss': '1.98', 'grad_norm': '0.5765', 'learning_rate': '4.475e-05', 'epoch': '0.7772'}
{'loss': '2.342', 'grad_norm': '0.6724', 'learning_rate': '4.463e-05', 'epoch': '0.7778'}
{'loss': '2.005', 'grad_norm': '0.4806', 'learning_rate': '4.451e-05', 'epoch': '0.7784'}
{'loss': '2.31', 'grad_norm': '0.6158', 'learning_rate': '4.439e-05', 'epoch': '0.779'}
{'loss': '2.109', 'grad_norm': '0.7019', 'learning_rate': '4.427e-05', 'epoch': '0.7796'}
{'loss': '1.832', 'grad_norm': '0.6819', 'learning_rate': '4.415e-05', 'epoch': '0.7802'}
{'loss': '2.531', 'grad_norm': '0.5679', 'learning_rate': '4.403e-05', 'epoch': '0.7808'}
{'loss': '1.99', 'grad_norm': '0.552', 'learning_rate': '4.391e-05', 'epoch': '0.7814'}
{'loss': '1.866', 'grad_norm': '0.5853', 'learning_rate': '4.379e-05', 'epoch': '0.782'}
{'loss': '2.471', 'grad_norm': '0.8252', 'learning_rate': '4.367e-05', 'epoch': '0.7826'}
{'loss': '2.299', 'grad_norm': '0.4876', 'learning_rate': '4.355e-05', 'epoch': '0.7832'}
{'loss': '1.505', 'grad_norm': '0.4822', 'learning_rate': '4.343e-05', 'epoch': '0.7838'}
{'loss': '2.411', 'grad_norm': '0.5658', 'learning_rate': '4.331e-05', 'epoch': '0.7844'}
{'loss': '2.284', 'grad_norm': '0.7554', 'learning_rate': '4.318e-05', 'epoch': '0.785'}
{'loss': '2.014', 'grad_norm': '0.5763', 'learning_rate': '4.306e-05', 'epoch': '0.7856'}
{'loss': '2.185', 'grad_norm': '0.4528', 'learning_rate': '4.294e-05', 'epoch': '0.7862'}
{'loss': '1.919', 'grad_norm': '0.572', 'learning_rate': '4.282e-05', 'epoch': '0.7868'}
{'loss': '1.907', 'grad_norm': '0.5367', 'learning_rate': '4.27e-05', 'epoch': '0.7874'}
{'loss': '1.686', 'grad_norm': '0.4309', 'learning_rate': '4.258e-05', 'epoch': '0.7881'}
{'loss': '2.367', 'grad_norm': '0.589', 'learning_rate': '4.246e-05', 'epoch': '0.7887'}
{'loss': '2.185', 'grad_norm': '0.6557', 'learning_rate': '4.234e-05', 'epoch': '0.7893'}
{'loss': '2.342', 'grad_norm': '0.7082', 'learning_rate': '4.222e-05', 'epoch': '0.7899'}
{'loss': '1.663', 'grad_norm': '0.4973', 'learning_rate': '4.21e-05', 'epoch': '0.7905'}
{'loss': '2.141', 'grad_norm': '0.5611', 'learning_rate': '4.198e-05', 'epoch': '0.7911'}
{'loss': '2.108', 'grad_norm': '0.6207', 'learning_rate': '4.186e-05', 'epoch': '0.7917'}
{'loss': '2.191', 'grad_norm': '0.7073', 'learning_rate': '4.174e-05', 'epoch': '0.7923'}
{'loss': '2.019', 'grad_norm': '0.4848', 'learning_rate': '4.162e-05', 'epoch': '0.7929'}
{'loss': '1.996', 'grad_norm': '0.5328', 'learning_rate': '4.15e-05', 'epoch': '0.7935'}
{'loss': '2.095', 'grad_norm': '0.4649', 'learning_rate': '4.138e-05', 'epoch': '0.7941'}
{'loss': '2.506', 'grad_norm': '0.653', 'learning_rate': '4.125e-05', 'epoch': '0.7947'}
{'loss': '1.806', 'grad_norm': '1.133', 'learning_rate': '4.113e-05', 'epoch': '0.7953'}
{'loss': '1.761', 'grad_norm': '0.5454', 'learning_rate': '4.101e-05', 'epoch': '0.7959'}
{'loss': '1.998', 'grad_norm': '0.587', 'learning_rate': '4.089e-05', 'epoch': '0.7965'}
{'loss': '1.802', 'grad_norm': '0.5253', 'learning_rate': '4.077e-05', 'epoch': '0.7971'}
{'loss': '2.303', 'grad_norm': '0.6067', 'learning_rate': '4.065e-05', 'epoch': '0.7977'}
{'loss': '2.429', 'grad_norm': '0.583', 'learning_rate': '4.053e-05', 'epoch': '0.7983'}
{'loss': '1.83', 'grad_norm': '0.4947', 'learning_rate': '4.041e-05', 'epoch': '0.7989'}
{'loss': '2.143', 'grad_norm': '0.5603', 'learning_rate': '4.029e-05', 'epoch': '0.7995'}
{'loss': '1.873', 'grad_norm': '0.617', 'learning_rate': '4.017e-05', 'epoch': '0.8001'}
{'loss': '2.594', 'grad_norm': '0.5374', 'learning_rate': '4.005e-05', 'epoch': '0.8007'}
{'loss': '2.187', 'grad_norm': '0.6196', 'learning_rate': '3.993e-05', 'epoch': '0.8013'}
{'loss': '2.194', 'grad_norm': '0.6032', 'learning_rate': '3.981e-05', 'epoch': '0.8019'}
{'loss': '2.276', 'grad_norm': '0.6357', 'learning_rate': '3.969e-05', 'epoch': '0.8025'}
{'loss': '2.522', 'grad_norm': '0.4731', 'learning_rate': '3.957e-05', 'epoch': '0.8031'}
{'loss': '2.517', 'grad_norm': '0.5081', 'learning_rate': '3.945e-05', 'epoch': '0.8037'}
{'loss': '1.771', 'grad_norm': '0.4951', 'learning_rate': '3.932e-05', 'epoch': '0.8043'}
{'loss': '2.183', 'grad_norm': '0.6161', 'learning_rate': '3.92e-05', 'epoch': '0.8049'}
{'loss': '2.554', 'grad_norm': '0.6012', 'learning_rate': '3.908e-05', 'epoch': '0.8056'}
{'loss': '2.274', 'grad_norm': '0.7352', 'learning_rate': '3.896e-05', 'epoch': '0.8062'}
{'loss': '2.059', 'grad_norm': '0.7081', 'learning_rate': '3.884e-05', 'epoch': '0.8068'}
{'loss': '2.502', 'grad_norm': '0.6866', 'learning_rate': '3.872e-05', 'epoch': '0.8074'}
{'loss': '2.298', 'grad_norm': '0.4715', 'learning_rate': '3.86e-05', 'epoch': '0.808'}
{'loss': '2.274', 'grad_norm': '0.5881', 'learning_rate': '3.848e-05', 'epoch': '0.8086'}
{'loss': '1.828', 'grad_norm': '0.479', 'learning_rate': '3.836e-05', 'epoch': '0.8092'}
{'loss': '1.784', 'grad_norm': '0.669', 'learning_rate': '3.824e-05', 'epoch': '0.8098'}
{'loss': '1.996', 'grad_norm': '0.5161', 'learning_rate': '3.812e-05', 'epoch': '0.8104'}
{'loss': '2.163', 'grad_norm': '0.6434', 'learning_rate': '3.8e-05', 'epoch': '0.811'}
{'loss': '1.853', 'grad_norm': '0.3931', 'learning_rate': '3.788e-05', 'epoch': '0.8116'}
{'loss': '1.744', 'grad_norm': '0.5017', 'learning_rate': '3.776e-05', 'epoch': '0.8122'}
{'loss': '2.248', 'grad_norm': '0.6318', 'learning_rate': '3.764e-05', 'epoch': '0.8128'}
{'loss': '1.807', 'grad_norm': '0.5194', 'learning_rate': '3.752e-05', 'epoch': '0.8134'}
{'loss': '2.187', 'grad_norm': '0.6542', 'learning_rate': '3.739e-05', 'epoch': '0.814'}
{'loss': '2.109', 'grad_norm': '0.4255', 'learning_rate': '3.727e-05', 'epoch': '0.8146'}
{'loss': '2.172', 'grad_norm': '0.4798', 'learning_rate': '3.715e-05', 'epoch': '0.8152'}
{'loss': '2.502', 'grad_norm': '0.621', 'learning_rate': '3.703e-05', 'epoch': '0.8158'}
{'loss': '1.943', 'grad_norm': '0.511', 'learning_rate': '3.691e-05', 'epoch': '0.8164'}
{'loss': '2.195', 'grad_norm': '0.4005', 'learning_rate': '3.679e-05', 'epoch': '0.817'}
{'loss': '1.934', 'grad_norm': '0.6169', 'learning_rate': '3.667e-05', 'epoch': '0.8176'}
{'loss': '2.035', 'grad_norm': '0.96', 'learning_rate': '3.655e-05', 'epoch': '0.8182'}
{'loss': '1.988', 'grad_norm': '0.4985', 'learning_rate': '3.643e-05', 'epoch': '0.8188'}
{'loss': '2.096', 'grad_norm': '0.5652', 'learning_rate': '3.631e-05', 'epoch': '0.8194'}
{'loss': '1.653', 'grad_norm': '0.6947', 'learning_rate': '3.619e-05', 'epoch': '0.82'}
{'loss': '1.995', 'grad_norm': '0.4946', 'learning_rate': '3.607e-05', 'epoch': '0.8206'}
{'loss': '1.885', 'grad_norm': '0.4549', 'learning_rate': '3.595e-05', 'epoch': '0.8212'}
{'loss': '2.474', 'grad_norm': '0.6563', 'learning_rate': '3.583e-05', 'epoch': '0.8218'}
{'loss': '2.656', 'grad_norm': '0.784', 'learning_rate': '3.571e-05', 'epoch': '0.8224'}
{'loss': '1.991', 'grad_norm': '0.722', 'learning_rate': '3.559e-05', 'epoch': '0.8231'}
{'loss': '2.128', 'grad_norm': '0.6352', 'learning_rate': '3.546e-05', 'epoch': '0.8237'}
{'loss': '1.79', 'grad_norm': '0.654', 'learning_rate': '3.534e-05', 'epoch': '0.8243'}
{'loss': '1.852', 'grad_norm': '0.5558', 'learning_rate': '3.522e-05', 'epoch': '0.8249'}
{'loss': '2.593', 'grad_norm': '0.4576', 'learning_rate': '3.51e-05', 'epoch': '0.8255'}
{'loss': '1.568', 'grad_norm': '0.4583', 'learning_rate': '3.498e-05', 'epoch': '0.8261'}
{'loss': '2.601', 'grad_norm': '0.6156', 'learning_rate': '3.486e-05', 'epoch': '0.8267'}
{'loss': '2.265', 'grad_norm': '0.5244', 'learning_rate': '3.474e-05', 'epoch': '0.8273'}
{'loss': '2.109', 'grad_norm': '0.4531', 'learning_rate': '3.462e-05', 'epoch': '0.8279'}
{'loss': '2.137', 'grad_norm': '0.5729', 'learning_rate': '3.45e-05', 'epoch': '0.8285'}
{'loss': '2.137', 'grad_norm': '0.6148', 'learning_rate': '3.438e-05', 'epoch': '0.8291'}
{'loss': '2.363', 'grad_norm': '1.106', 'learning_rate': '3.426e-05', 'epoch': '0.8297'}
{'loss': '2.113', 'grad_norm': '0.591', 'learning_rate': '3.414e-05', 'epoch': '0.8303'}
{'loss': '2.028', 'grad_norm': '0.4652', 'learning_rate': '3.402e-05', 'epoch': '0.8309'}
{'loss': '2.094', 'grad_norm': '0.5345', 'learning_rate': '3.39e-05', 'epoch': '0.8315'}
{'loss': '2.291', 'grad_norm': '0.4627', 'learning_rate': '3.378e-05', 'epoch': '0.8321'}
{'loss': '1.743', 'grad_norm': '1.321', 'learning_rate': '3.366e-05', 'epoch': '0.8327'}
{'loss': '2.12', 'grad_norm': '0.485', 'learning_rate': '3.353e-05', 'epoch': '0.8333'}
{'loss': '2.203', 'grad_norm': '0.6529', 'learning_rate': '3.341e-05', 'epoch': '0.8339'}
{'loss': '1.784', 'grad_norm': '0.6941', 'learning_rate': '3.329e-05', 'epoch': '0.8345'}
{'loss': '2.049', 'grad_norm': '0.525', 'learning_rate': '3.317e-05', 'epoch': '0.8351'}
{'loss': '2.007', 'grad_norm': '0.5846', 'learning_rate': '3.305e-05', 'epoch': '0.8357'}
{'loss': '2.65', 'grad_norm': '0.8976', 'learning_rate': '3.293e-05', 'epoch': '0.8363'}
{'loss': '1.913', 'grad_norm': '0.4306', 'learning_rate': '3.281e-05', 'epoch': '0.8369'}
{'loss': '2.231', 'grad_norm': '0.5864', 'learning_rate': '3.269e-05', 'epoch': '0.8375'}
{'loss': '2.288', 'grad_norm': '0.4361', 'learning_rate': '3.257e-05', 'epoch': '0.8381'}
{'loss': '2.03', 'grad_norm': '0.5815', 'learning_rate': '3.245e-05', 'epoch': '0.8387'}
{'loss': '2.229', 'grad_norm': '0.4748', 'learning_rate': '3.233e-05', 'epoch': '0.8393'}
{'loss': '1.884', 'grad_norm': '0.5057', 'learning_rate': '3.221e-05', 'epoch': '0.8399'}
{'loss': '1.655', 'grad_norm': '0.4489', 'learning_rate': '3.209e-05', 'epoch': '0.8405'}
{'loss': '2.091', 'grad_norm': '0.4386', 'learning_rate': '3.197e-05', 'epoch': '0.8412'}
{'loss': '2.112', 'grad_norm': '0.6208', 'learning_rate': '3.185e-05', 'epoch': '0.8418'}
{'loss': '2.219', 'grad_norm': '0.5682', 'learning_rate': '3.172e-05', 'epoch': '0.8424'}
{'loss': '1.727', 'grad_norm': '0.6593', 'learning_rate': '3.16e-05', 'epoch': '0.843'}
{'loss': '2.158', 'grad_norm': '0.5897', 'learning_rate': '3.148e-05', 'epoch': '0.8436'}
{'loss': '2.333', 'grad_norm': '0.4601', 'learning_rate': '3.136e-05', 'epoch': '0.8442'}
{'loss': '1.484', 'grad_norm': '0.4499', 'learning_rate': '3.124e-05', 'epoch': '0.8448'}
{'loss': '1.849', 'grad_norm': '0.4637', 'learning_rate': '3.112e-05', 'epoch': '0.8454'}
{'loss': '2.104', 'grad_norm': '0.6134', 'learning_rate': '3.1e-05', 'epoch': '0.846'}
{'loss': '2.008', 'grad_norm': '0.489', 'learning_rate': '3.088e-05', 'epoch': '0.8466'}
{'loss': '1.891', 'grad_norm': '0.6174', 'learning_rate': '3.076e-05', 'epoch': '0.8472'}
{'loss': '1.499', 'grad_norm': '0.482', 'learning_rate': '3.064e-05', 'epoch': '0.8478'}
{'loss': '2.169', 'grad_norm': '0.4872', 'learning_rate': '3.052e-05', 'epoch': '0.8484'}
{'loss': '1.903', 'grad_norm': '0.5124', 'learning_rate': '3.04e-05', 'epoch': '0.849'}
{'loss': '2.375', 'grad_norm': '0.5235', 'learning_rate': '3.028e-05', 'epoch': '0.8496'}
{'loss': '2.305', 'grad_norm': '0.6387', 'learning_rate': '3.016e-05', 'epoch': '0.8502'}
{'loss': '2.111', 'grad_norm': '0.7301', 'learning_rate': '3.004e-05', 'epoch': '0.8508'}
{'loss': '2.59', 'grad_norm': '0.561', 'learning_rate': '2.992e-05', 'epoch': '0.8514'}
{'loss': '2.295', 'grad_norm': '0.5206', 'learning_rate': '2.979e-05', 'epoch': '0.852'}
{'loss': '1.991', 'grad_norm': '0.3959', 'learning_rate': '2.967e-05', 'epoch': '0.8526'}
{'loss': '1.894', 'grad_norm': '0.456', 'learning_rate': '2.955e-05', 'epoch': '0.8532'}
{'loss': '1.951', 'grad_norm': '0.6271', 'learning_rate': '2.943e-05', 'epoch': '0.8538'}
{'loss': '1.981', 'grad_norm': '0.5481', 'learning_rate': '2.931e-05', 'epoch': '0.8544'}
{'loss': '1.977', 'grad_norm': '0.7004', 'learning_rate': '2.919e-05', 'epoch': '0.855'}
{'loss': '2.181', 'grad_norm': '0.5144', 'learning_rate': '2.907e-05', 'epoch': '0.8556'}
{'loss': '1.853', 'grad_norm': '0.5413', 'learning_rate': '2.895e-05', 'epoch': '0.8562'}
{'loss': '2.021', 'grad_norm': '0.5772', 'learning_rate': '2.883e-05', 'epoch': '0.8568'}
{'loss': '2.37', 'grad_norm': '0.598', 'learning_rate': '2.871e-05', 'epoch': '0.8574'}
{'loss': '2.307', 'grad_norm': '0.5697', 'learning_rate': '2.859e-05', 'epoch': '0.858'}
{'loss': '2.117', 'grad_norm': '0.6542', 'learning_rate': '2.847e-05', 'epoch': '0.8587'}
{'loss': '2.387', 'grad_norm': '0.5808', 'learning_rate': '2.835e-05', 'epoch': '0.8593'}
{'loss': '2.302', 'grad_norm': '0.541', 'learning_rate': '2.823e-05', 'epoch': '0.8599'}
{'loss': '2.027', 'grad_norm': '0.7214', 'learning_rate': '2.811e-05', 'epoch': '0.8605'}
{'loss': '2.251', 'grad_norm': '0.6681', 'learning_rate': '2.799e-05', 'epoch': '0.8611'}
{'loss': '2.159', 'grad_norm': '0.5031', 'learning_rate': '2.786e-05', 'epoch': '0.8617'}
{'loss': '2.295', 'grad_norm': '0.4795', 'learning_rate': '2.774e-05', 'epoch': '0.8623'}
{'loss': '1.972', 'grad_norm': '0.4583', 'learning_rate': '2.762e-05', 'epoch': '0.8629'}
{'loss': '1.724', 'grad_norm': '0.619', 'learning_rate': '2.75e-05', 'epoch': '0.8635'}
{'loss': '2.301', 'grad_norm': '0.5159', 'learning_rate': '2.738e-05', 'epoch': '0.8641'}
{'loss': '1.997', 'grad_norm': '0.6566', 'learning_rate': '2.726e-05', 'epoch': '0.8647'}
{'loss': '2.337', 'grad_norm': '0.5488', 'learning_rate': '2.714e-05', 'epoch': '0.8653'}
{'loss': '2.341', 'grad_norm': '0.5127', 'learning_rate': '2.702e-05', 'epoch': '0.8659'}
{'loss': '1.958', 'grad_norm': '1.403', 'learning_rate': '2.69e-05', 'epoch': '0.8665'}
{'loss': '2.035', 'grad_norm': '0.4824', 'learning_rate': '2.678e-05', 'epoch': '0.8671'}
{'loss': '2.035', 'grad_norm': '0.6364', 'learning_rate': '2.666e-05', 'epoch': '0.8677'}
{'loss': '1.821', 'grad_norm': '0.6551', 'learning_rate': '2.654e-05', 'epoch': '0.8683'}
{'loss': '2.138', 'grad_norm': '0.4662', 'learning_rate': '2.642e-05', 'epoch': '0.8689'}
{'loss': '1.982', 'grad_norm': '0.376', 'learning_rate': '2.63e-05', 'epoch': '0.8695'}
{'loss': '2.192', 'grad_norm': '0.5612', 'learning_rate': '2.618e-05', 'epoch': '0.8701'}
{'loss': '2.142', 'grad_norm': '0.6901', 'learning_rate': '2.606e-05', 'epoch': '0.8707'}
{'loss': '2.321', 'grad_norm': '0.5667', 'learning_rate': '2.593e-05', 'epoch': '0.8713'}
{'loss': '2.054', 'grad_norm': '0.5846', 'learning_rate': '2.581e-05', 'epoch': '0.8719'}
{'loss': '1.906', 'grad_norm': '0.4559', 'learning_rate': '2.569e-05', 'epoch': '0.8725'}
{'loss': '2.039', 'grad_norm': '0.5104', 'learning_rate': '2.557e-05', 'epoch': '0.8731'}
{'loss': '1.824', 'grad_norm': '0.6138', 'learning_rate': '2.545e-05', 'epoch': '0.8737'}
{'loss': '2.24', 'grad_norm': '0.641', 'learning_rate': '2.533e-05', 'epoch': '0.8743'}
{'loss': '2.192', 'grad_norm': '0.5166', 'learning_rate': '2.521e-05', 'epoch': '0.8749'}
{'loss': '2.188', 'grad_norm': '0.6053', 'learning_rate': '2.509e-05', 'epoch': '0.8755'}
{'loss': '1.895', 'grad_norm': '0.5675', 'learning_rate': '2.497e-05', 'epoch': '0.8762'}
{'loss': '2.224', 'grad_norm': '0.5424', 'learning_rate': '2.485e-05', 'epoch': '0.8768'}
{'loss': '1.972', 'grad_norm': '0.4742', 'learning_rate': '2.473e-05', 'epoch': '0.8774'}
{'loss': '2.021', 'grad_norm': '0.4664', 'learning_rate': '2.461e-05', 'epoch': '0.878'}
{'loss': '1.98', 'grad_norm': '0.4498', 'learning_rate': '2.449e-05', 'epoch': '0.8786'}
{'loss': '2.428', 'grad_norm': '0.5489', 'learning_rate': '2.437e-05', 'epoch': '0.8792'}
{'loss': '2.675', 'grad_norm': '0.7659', 'learning_rate': '2.425e-05', 'epoch': '0.8798'}
{'loss': '1.658', 'grad_norm': '0.5373', 'learning_rate': '2.413e-05', 'epoch': '0.8804'}
{'loss': '2.022', 'grad_norm': '0.4682', 'learning_rate': '2.4e-05', 'epoch': '0.881'}
{'loss': '2.112', 'grad_norm': '0.5067', 'learning_rate': '2.388e-05', 'epoch': '0.8816'}
{'loss': '2.799', 'grad_norm': '0.6668', 'learning_rate': '2.376e-05', 'epoch': '0.8822'}
{'loss': '1.962', 'grad_norm': '0.5494', 'learning_rate': '2.364e-05', 'epoch': '0.8828'}
{'loss': '1.843', 'grad_norm': '0.475', 'learning_rate': '2.352e-05', 'epoch': '0.8834'}
{'loss': '1.911', 'grad_norm': '0.5993', 'learning_rate': '2.34e-05', 'epoch': '0.884'}
{'loss': '1.846', 'grad_norm': '0.6221', 'learning_rate': '2.328e-05', 'epoch': '0.8846'}
{'loss': '2.167', 'grad_norm': '0.5399', 'learning_rate': '2.316e-05', 'epoch': '0.8852'}
{'loss': '2.301', 'grad_norm': '0.6679', 'learning_rate': '2.304e-05', 'epoch': '0.8858'}
{'loss': '2.019', 'grad_norm': '0.5325', 'learning_rate': '2.292e-05', 'epoch': '0.8864'}
{'loss': '2.43', 'grad_norm': '0.7694', 'learning_rate': '2.28e-05', 'epoch': '0.887'}
{'loss': '2.214', 'grad_norm': '0.51', 'learning_rate': '2.268e-05', 'epoch': '0.8876'}
{'loss': '2.252', 'grad_norm': '0.5878', 'learning_rate': '2.256e-05', 'epoch': '0.8882'}
{'loss': '2.245', 'grad_norm': '0.549', 'learning_rate': '2.244e-05', 'epoch': '0.8888'}
{'loss': '1.601', 'grad_norm': '0.6421', 'learning_rate': '2.232e-05', 'epoch': '0.8894'}
{'loss': '1.85', 'grad_norm': '0.7862', 'learning_rate': '2.22e-05', 'epoch': '0.89'}
{'loss': '2.345', 'grad_norm': '0.6962', 'learning_rate': '2.207e-05', 'epoch': '0.8906'}
{'loss': '1.871', 'grad_norm': '0.5207', 'learning_rate': '2.195e-05', 'epoch': '0.8912'}
{'loss': '2.134', 'grad_norm': '0.4887', 'learning_rate': '2.183e-05', 'epoch': '0.8918'}
{'loss': '2.048', 'grad_norm': '0.4783', 'learning_rate': '2.171e-05', 'epoch': '0.8924'}
{'loss': '2.459', 'grad_norm': '0.4143', 'learning_rate': '2.159e-05', 'epoch': '0.893'}
{'loss': '2.022', 'grad_norm': '0.4773', 'learning_rate': '2.147e-05', 'epoch': '0.8936'}
{'loss': '1.945', 'grad_norm': '0.4517', 'learning_rate': '2.135e-05', 'epoch': '0.8943'}
{'loss': '1.977', 'grad_norm': '0.5866', 'learning_rate': '2.123e-05', 'epoch': '0.8949'}
{'loss': '2.084', 'grad_norm': '0.5372', 'learning_rate': '2.111e-05', 'epoch': '0.8955'}
{'loss': '1.718', 'grad_norm': '0.533', 'learning_rate': '2.099e-05', 'epoch': '0.8961'}
{'loss': '2.065', 'grad_norm': '0.6337', 'learning_rate': '2.087e-05', 'epoch': '0.8967'}
{'loss': '2.372', 'grad_norm': '0.6847', 'learning_rate': '2.075e-05', 'epoch': '0.8973'}
{'loss': '2.167', 'grad_norm': '0.9107', 'learning_rate': '2.063e-05', 'epoch': '0.8979'}
{'loss': '1.893', 'grad_norm': '0.5304', 'learning_rate': '2.051e-05', 'epoch': '0.8985'}
{'loss': '1.894', 'grad_norm': '0.4556', 'learning_rate': '2.039e-05', 'epoch': '0.8991'}
{'loss': '1.831', 'grad_norm': '0.466', 'learning_rate': '2.027e-05', 'epoch': '0.8997'}
{'loss': '2.284', 'grad_norm': '0.5718', 'learning_rate': '2.014e-05', 'epoch': '0.9003'}
{'loss': '2.154', 'grad_norm': '0.4605', 'learning_rate': '2.002e-05', 'epoch': '0.9009'}
{'loss': '1.829', 'grad_norm': '0.408', 'learning_rate': '1.99e-05', 'epoch': '0.9015'}
{'loss': '2.001', 'grad_norm': '0.5019', 'learning_rate': '1.978e-05', 'epoch': '0.9021'}
{'loss': '2.01', 'grad_norm': '0.4594', 'learning_rate': '1.966e-05', 'epoch': '0.9027'}
{'loss': '1.779', 'grad_norm': '0.6357', 'learning_rate': '1.954e-05', 'epoch': '0.9033'}
{'loss': '2.22', 'grad_norm': '0.6606', 'learning_rate': '1.942e-05', 'epoch': '0.9039'}
{'loss': '1.944', 'grad_norm': '0.4782', 'learning_rate': '1.93e-05', 'epoch': '0.9045'}
{'loss': '2.009', 'grad_norm': '0.533', 'learning_rate': '1.918e-05', 'epoch': '0.9051'}
{'loss': '2.063', 'grad_norm': '0.4947', 'learning_rate': '1.906e-05', 'epoch': '0.9057'}
{'loss': '1.991', 'grad_norm': '0.5622', 'learning_rate': '1.894e-05', 'epoch': '0.9063'}
{'loss': '2.437', 'grad_norm': '0.5688', 'learning_rate': '1.882e-05', 'epoch': '0.9069'}
{'loss': '2.027', 'grad_norm': '0.6099', 'learning_rate': '1.87e-05', 'epoch': '0.9075'}
{'loss': '2.012', 'grad_norm': '0.4538', 'learning_rate': '1.858e-05', 'epoch': '0.9081'}
{'loss': '2.083', 'grad_norm': '0.4695', 'learning_rate': '1.846e-05', 'epoch': '0.9087'}
{'loss': '2.16', 'grad_norm': '0.5534', 'learning_rate': '1.834e-05', 'epoch': '0.9093'}
{'loss': '1.619', 'grad_norm': '0.3821', 'learning_rate': '1.821e-05', 'epoch': '0.9099'}
{'loss': '2.616', 'grad_norm': '0.5367', 'learning_rate': '1.809e-05', 'epoch': '0.9105'}
{'loss': '1.84', 'grad_norm': '0.4186', 'learning_rate': '1.797e-05', 'epoch': '0.9111'}
{'loss': '2.401', 'grad_norm': '0.5879', 'learning_rate': '1.785e-05', 'epoch': '0.9118'}
{'loss': '2.014', 'grad_norm': '0.5934', 'learning_rate': '1.773e-05', 'epoch': '0.9124'}
{'loss': '1.538', 'grad_norm': '0.5763', 'learning_rate': '1.761e-05', 'epoch': '0.913'}
{'loss': '2.186', 'grad_norm': '0.4896', 'learning_rate': '1.749e-05', 'epoch': '0.9136'}
{'loss': '2.354', 'grad_norm': '0.7302', 'learning_rate': '1.737e-05', 'epoch': '0.9142'}
{'loss': '1.692', 'grad_norm': '0.4086', 'learning_rate': '1.725e-05', 'epoch': '0.9148'}
{'loss': '2.593', 'grad_norm': '0.5679', 'learning_rate': '1.713e-05', 'epoch': '0.9154'}
{'loss': '2.233', 'grad_norm': '0.5892', 'learning_rate': '1.701e-05', 'epoch': '0.916'}
{'loss': '1.906', 'grad_norm': '0.5139', 'learning_rate': '1.689e-05', 'epoch': '0.9166'}
{'loss': '2.034', 'grad_norm': '0.625', 'learning_rate': '1.677e-05', 'epoch': '0.9172'}
{'loss': '1.728', 'grad_norm': '0.6689', 'learning_rate': '1.665e-05', 'epoch': '0.9178'}
{'loss': '1.637', 'grad_norm': '0.5425', 'learning_rate': '1.653e-05', 'epoch': '0.9184'}
{'loss': '1.722', 'grad_norm': '0.5252', 'learning_rate': '1.641e-05', 'epoch': '0.919'}
{'loss': '1.837', 'grad_norm': '0.445', 'learning_rate': '1.628e-05', 'epoch': '0.9196'}
{'loss': '2.038', 'grad_norm': '0.4216', 'learning_rate': '1.616e-05', 'epoch': '0.9202'}
{'loss': '2.162', 'grad_norm': '0.5729', 'learning_rate': '1.604e-05', 'epoch': '0.9208'}
{'loss': '1.653', 'grad_norm': '0.6062', 'learning_rate': '1.592e-05', 'epoch': '0.9214'}
{'loss': '1.704', 'grad_norm': '0.4351', 'learning_rate': '1.58e-05', 'epoch': '0.922'}
{'loss': '2.143', 'grad_norm': '0.7499', 'learning_rate': '1.568e-05', 'epoch': '0.9226'}
{'loss': '2.265', 'grad_norm': '0.5287', 'learning_rate': '1.556e-05', 'epoch': '0.9232'}
{'loss': '1.908', 'grad_norm': '0.4713', 'learning_rate': '1.544e-05', 'epoch': '0.9238'}
{'loss': '2.514', 'grad_norm': '0.8893', 'learning_rate': '1.532e-05', 'epoch': '0.9244'}
{'loss': '2.177', 'grad_norm': '0.5344', 'learning_rate': '1.52e-05', 'epoch': '0.925'}
{'loss': '1.84', 'grad_norm': '0.5163', 'learning_rate': '1.508e-05', 'epoch': '0.9256'}
{'loss': '1.904', 'grad_norm': '0.591', 'learning_rate': '1.496e-05', 'epoch': '0.9262'}
{'loss': '2.137', 'grad_norm': '0.4721', 'learning_rate': '1.484e-05', 'epoch': '0.9268'}
{'loss': '1.844', 'grad_norm': '0.4391', 'learning_rate': '1.472e-05', 'epoch': '0.9274'}
{'loss': '1.644', 'grad_norm': '0.4605', 'learning_rate': '1.46e-05', 'epoch': '0.928'}
{'loss': '2.176', 'grad_norm': '1.339', 'learning_rate': '1.448e-05', 'epoch': '0.9286'}
{'loss': '2.267', 'grad_norm': '0.4938', 'learning_rate': '1.435e-05', 'epoch': '0.9293'}
{'loss': '1.868', 'grad_norm': '0.5927', 'learning_rate': '1.423e-05', 'epoch': '0.9299'}
{'loss': '2.201', 'grad_norm': '0.4615', 'learning_rate': '1.411e-05', 'epoch': '0.9305'}
{'loss': '1.769', 'grad_norm': '0.5417', 'learning_rate': '1.399e-05', 'epoch': '0.9311'}
{'loss': '1.919', 'grad_norm': '0.4679', 'learning_rate': '1.387e-05', 'epoch': '0.9317'}
{'loss': '1.943', 'grad_norm': '0.4669', 'learning_rate': '1.375e-05', 'epoch': '0.9323'}
{'loss': '1.849', 'grad_norm': '0.467', 'learning_rate': '1.363e-05', 'epoch': '0.9329'}
{'loss': '2.269', 'grad_norm': '0.7312', 'learning_rate': '1.351e-05', 'epoch': '0.9335'}
{'loss': '2.082', 'grad_norm': '0.5091', 'learning_rate': '1.339e-05', 'epoch': '0.9341'}
{'loss': '2.286', 'grad_norm': '0.6346', 'learning_rate': '1.327e-05', 'epoch': '0.9347'}
{'loss': '1.968', 'grad_norm': '0.579', 'learning_rate': '1.315e-05', 'epoch': '0.9353'}
{'loss': '1.641', 'grad_norm': '0.669', 'learning_rate': '1.303e-05', 'epoch': '0.9359'}
{'loss': '1.681', 'grad_norm': '0.5386', 'learning_rate': '1.291e-05', 'epoch': '0.9365'}
{'loss': '2.34', 'grad_norm': '0.7258', 'learning_rate': '1.279e-05', 'epoch': '0.9371'}
{'loss': '1.908', 'grad_norm': '0.5839', 'learning_rate': '1.267e-05', 'epoch': '0.9377'}
{'loss': '2.727', 'grad_norm': '0.545', 'learning_rate': '1.255e-05', 'epoch': '0.9383'}
{'loss': '2.067', 'grad_norm': '0.5824', 'learning_rate': '1.242e-05', 'epoch': '0.9389'}
{'loss': '1.971', 'grad_norm': '0.6929', 'learning_rate': '1.23e-05', 'epoch': '0.9395'}
{'loss': '1.919', 'grad_norm': '0.5618', 'learning_rate': '1.218e-05', 'epoch': '0.9401'}
{'loss': '1.98', 'grad_norm': '0.526', 'learning_rate': '1.206e-05', 'epoch': '0.9407'}
{'loss': '2.506', 'grad_norm': '0.5092', 'learning_rate': '1.194e-05', 'epoch': '0.9413'}
{'loss': '2.086', 'grad_norm': '0.5252', 'learning_rate': '1.182e-05', 'epoch': '0.9419'}
{'loss': '1.964', 'grad_norm': '0.4857', 'learning_rate': '1.17e-05', 'epoch': '0.9425'}
{'loss': '1.967', 'grad_norm': '0.4797', 'learning_rate': '1.158e-05', 'epoch': '0.9431'}
{'loss': '1.821', 'grad_norm': '0.7067', 'learning_rate': '1.146e-05', 'epoch': '0.9437'}
{'loss': '2.038', 'grad_norm': '0.5388', 'learning_rate': '1.134e-05', 'epoch': '0.9443'}
{'loss': '2.301', 'grad_norm': '0.6171', 'learning_rate': '1.122e-05', 'epoch': '0.9449'}
{'loss': '1.811', 'grad_norm': '0.4863', 'learning_rate': '1.11e-05', 'epoch': '0.9455'}
{'loss': '1.924', 'grad_norm': '0.5202', 'learning_rate': '1.098e-05', 'epoch': '0.9461'}
{'loss': '1.959', 'grad_norm': '0.506', 'learning_rate': '1.086e-05', 'epoch': '0.9467'}
{'loss': '2.127', 'grad_norm': '0.5942', 'learning_rate': '1.074e-05', 'epoch': '0.9474'}
{'loss': '1.846', 'grad_norm': '0.618', 'learning_rate': '1.062e-05', 'epoch': '0.948'}
{'loss': '2.176', 'grad_norm': '0.6536', 'learning_rate': '1.049e-05', 'epoch': '0.9486'}
{'loss': '2.092', 'grad_norm': '0.5806', 'learning_rate': '1.037e-05', 'epoch': '0.9492'}
{'loss': '1.914', 'grad_norm': '0.6262', 'learning_rate': '1.025e-05', 'epoch': '0.9498'}
{'loss': '2.305', 'grad_norm': '0.6828', 'learning_rate': '1.013e-05', 'epoch': '0.9504'}
{'loss': '1.598', 'grad_norm': '0.4907', 'learning_rate': '1.001e-05', 'epoch': '0.951'}
{'loss': '2.266', 'grad_norm': '0.4776', 'learning_rate': '9.891e-06', 'epoch': '0.9516'}
{'loss': '2.275', 'grad_norm': '0.5248', 'learning_rate': '9.771e-06', 'epoch': '0.9522'}
{'loss': '2.313', 'grad_norm': '1.048', 'learning_rate': '9.65e-06', 'epoch': '0.9528'}
{'loss': '1.455', 'grad_norm': '0.499', 'learning_rate': '9.53e-06', 'epoch': '0.9534'}
{'loss': '2.044', 'grad_norm': '0.4865', 'learning_rate': '9.409e-06', 'epoch': '0.954'}
{'loss': '2.444', 'grad_norm': '0.4995', 'learning_rate': '9.288e-06', 'epoch': '0.9546'}
{'loss': '2.034', 'grad_norm': '0.4909', 'learning_rate': '9.168e-06', 'epoch': '0.9552'}
{'loss': '1.89', 'grad_norm': '0.4614', 'learning_rate': '9.047e-06', 'epoch': '0.9558'}
{'loss': '1.405', 'grad_norm': '0.5229', 'learning_rate': '8.926e-06', 'epoch': '0.9564'}
{'loss': '2.252', 'grad_norm': '0.5046', 'learning_rate': '8.806e-06', 'epoch': '0.957'}
{'loss': '1.78', 'grad_norm': '0.4829', 'learning_rate': '8.685e-06', 'epoch': '0.9576'}
{'loss': '1.796', 'grad_norm': '0.6451', 'learning_rate': '8.565e-06', 'epoch': '0.9582'}
{'loss': '1.636', 'grad_norm': '0.4317', 'learning_rate': '8.444e-06', 'epoch': '0.9588'}
{'loss': '1.772', 'grad_norm': '0.3741', 'learning_rate': '8.323e-06', 'epoch': '0.9594'}
{'loss': '2.243', 'grad_norm': '0.5522', 'learning_rate': '8.203e-06', 'epoch': '0.96'}
{'loss': '1.933', 'grad_norm': '0.5689', 'learning_rate': '8.082e-06', 'epoch': '0.9606'}
{'loss': '1.975', 'grad_norm': '0.417', 'learning_rate': '7.961e-06', 'epoch': '0.9612'}
{'loss': '1.889', 'grad_norm': '0.7186', 'learning_rate': '7.841e-06', 'epoch': '0.9618'}
{'loss': '2.296', 'grad_norm': '0.9846', 'learning_rate': '7.72e-06', 'epoch': '0.9624'}
{'loss': '2.035', 'grad_norm': '0.6847', 'learning_rate': '7.6e-06', 'epoch': '0.963'}
{'loss': '2.395', 'grad_norm': '0.6248', 'learning_rate': '7.479e-06', 'epoch': '0.9636'}
{'loss': '2.063', 'grad_norm': '1.675', 'learning_rate': '7.358e-06', 'epoch': '0.9642'}
{'loss': '2.15', 'grad_norm': '0.6423', 'learning_rate': '7.238e-06', 'epoch': '0.9649'}
{'loss': '1.805', 'grad_norm': '0.4963', 'learning_rate': '7.117e-06', 'epoch': '0.9655'}
{'loss': '1.805', 'grad_norm': '0.4994', 'learning_rate': '6.996e-06', 'epoch': '0.9661'}
{'loss': '2.088', 'grad_norm': '0.7922', 'learning_rate': '6.876e-06', 'epoch': '0.9667'}
{'loss': '2.158', 'grad_norm': '0.5179', 'learning_rate': '6.755e-06', 'epoch': '0.9673'}
{'loss': '2.075', 'grad_norm': '0.426', 'learning_rate': '6.634e-06', 'epoch': '0.9679'}
{'loss': '2.161', 'grad_norm': '0.5537', 'learning_rate': '6.514e-06', 'epoch': '0.9685'}
{'loss': '1.792', 'grad_norm': '0.5335', 'learning_rate': '6.393e-06', 'epoch': '0.9691'}
{'loss': '1.879', 'grad_norm': '0.5677', 'learning_rate': '6.273e-06', 'epoch': '0.9697'}
{'loss': '1.982', 'grad_norm': '0.4375', 'learning_rate': '6.152e-06', 'epoch': '0.9703'}
{'loss': '1.864', 'grad_norm': '0.727', 'learning_rate': '6.031e-06', 'epoch': '0.9709'}
{'loss': '2.231', 'grad_norm': '0.5301', 'learning_rate': '5.911e-06', 'epoch': '0.9715'}
{'loss': '1.725', 'grad_norm': '0.4066', 'learning_rate': '5.79e-06', 'epoch': '0.9721'}
{'loss': '1.896', 'grad_norm': '0.4787', 'learning_rate': '5.669e-06', 'epoch': '0.9727'}
{'loss': '1.942', 'grad_norm': '0.5475', 'learning_rate': '5.549e-06', 'epoch': '0.9733'}
{'loss': '1.903', 'grad_norm': '0.5776', 'learning_rate': '5.428e-06', 'epoch': '0.9739'}
{'loss': '1.956', 'grad_norm': '0.5318', 'learning_rate': '5.308e-06', 'epoch': '0.9745'}
{'loss': '1.91', 'grad_norm': '0.5024', 'learning_rate': '5.187e-06', 'epoch': '0.9751'}
{'loss': '1.862', 'grad_norm': '0.5576', 'learning_rate': '5.066e-06', 'epoch': '0.9757'}
{'loss': '2.197', 'grad_norm': '0.4756', 'learning_rate': '4.946e-06', 'epoch': '0.9763'}
{'loss': '1.741', 'grad_norm': '0.5688', 'learning_rate': '4.825e-06', 'epoch': '0.9769'}
{'loss': '1.859', 'grad_norm': '0.4439', 'learning_rate': '4.704e-06', 'epoch': '0.9775'}
{'loss': '2.084', 'grad_norm': '0.4508', 'learning_rate': '4.584e-06', 'epoch': '0.9781'}
{'loss': '1.973', 'grad_norm': '0.5533', 'learning_rate': '4.463e-06', 'epoch': '0.9787'}
{'loss': '1.8', 'grad_norm': '0.6529', 'learning_rate': '4.343e-06', 'epoch': '0.9793'}
{'loss': '2.023', 'grad_norm': '0.5185', 'learning_rate': '4.222e-06', 'epoch': '0.9799'}
{'loss': '2.083', 'grad_norm': '0.6242', 'learning_rate': '4.101e-06', 'epoch': '0.9805'}
{'loss': '1.655', 'grad_norm': '0.5317', 'learning_rate': '3.981e-06', 'epoch': '0.9811'}
{'loss': '2.104', 'grad_norm': '0.7418', 'learning_rate': '3.86e-06', 'epoch': '0.9817'}
{'loss': '1.603', 'grad_norm': '0.463', 'learning_rate': '3.739e-06', 'epoch': '0.9824'}
{'loss': '2.546', 'grad_norm': '0.7993', 'learning_rate': '3.619e-06', 'epoch': '0.983'}
{'loss': '1.857', 'grad_norm': '0.5741', 'learning_rate': '3.498e-06', 'epoch': '0.9836'}
{'loss': '1.752', 'grad_norm': '0.5219', 'learning_rate': '3.378e-06', 'epoch': '0.9842'}
{'loss': '1.982', 'grad_norm': '0.555', 'learning_rate': '3.257e-06', 'epoch': '0.9848'}
{'loss': '2.484', 'grad_norm': '0.5918', 'learning_rate': '3.136e-06', 'epoch': '0.9854'}
{'loss': '2.077', 'grad_norm': '0.5515', 'learning_rate': '3.016e-06', 'epoch': '0.986'}
{'loss': '1.881', 'grad_norm': '0.7684', 'learning_rate': '2.895e-06', 'epoch': '0.9866'}
{'loss': '1.656', 'grad_norm': '0.4434', 'learning_rate': '2.774e-06', 'epoch': '0.9872'}
{'loss': '1.963', 'grad_norm': '0.5948', 'learning_rate': '2.654e-06', 'epoch': '0.9878'}
{'loss': '1.753', 'grad_norm': '0.4682', 'learning_rate': '2.533e-06', 'epoch': '0.9884'}
{'loss': '1.769', 'grad_norm': '0.5425', 'learning_rate': '2.413e-06', 'epoch': '0.989'}
{'loss': '2.304', 'grad_norm': '0.4544', 'learning_rate': '2.292e-06', 'epoch': '0.9896'}
{'loss': '2.273', 'grad_norm': '0.4293', 'learning_rate': '2.171e-06', 'epoch': '0.9902'}
{'loss': '2.007', 'grad_norm': '0.5178', 'learning_rate': '2.051e-06', 'epoch': '0.9908'}
{'loss': '1.967', 'grad_norm': '0.5643', 'learning_rate': '1.93e-06', 'epoch': '0.9914'}
{'loss': '1.853', 'grad_norm': '0.5369', 'learning_rate': '1.809e-06', 'epoch': '0.992'}
{'loss': '2.489', 'grad_norm': '0.7444', 'learning_rate': '1.689e-06', 'epoch': '0.9926'}
{'loss': '2.233', 'grad_norm': '0.6503', 'learning_rate': '1.568e-06', 'epoch': '0.9932'}
{'loss': '2.005', 'grad_norm': '0.7121', 'learning_rate': '1.448e-06', 'epoch': '0.9938'}
{'loss': '1.329', 'grad_norm': '0.5651', 'learning_rate': '1.327e-06', 'epoch': '0.9944'}
{'loss': '1.816', 'grad_norm': '0.5391', 'learning_rate': '1.206e-06', 'epoch': '0.995'}
{'loss': '2.244', 'grad_norm': '0.5081', 'learning_rate': '1.086e-06', 'epoch': '0.9956'}
{'loss': '1.91', 'grad_norm': '0.4534', 'learning_rate': '9.65e-07', 'epoch': '0.9962'}
{'loss': '2.2', 'grad_norm': '0.5862', 'learning_rate': '8.444e-07', 'epoch': '0.9968'}
{'loss': '1.933', 'grad_norm': '0.5821', 'learning_rate': '7.238e-07', 'epoch': '0.9974'}
{'loss': '2.333', 'grad_norm': '0.6434', 'learning_rate': '6.031e-07', 'epoch': '0.998'}
{'loss': '2.021', 'grad_norm': '0.4636', 'learning_rate': '4.825e-07', 'epoch': '0.9986'}
{'loss': '1.963', 'grad_norm': '0.504', 'learning_rate': '3.619e-07', 'epoch': '0.9992'}
{'loss': '1.964', 'grad_norm': '0.5764', 'learning_rate': '2.413e-07', 'epoch': '0.9998'}
{'loss': '2.056', 'grad_norm': '1.97', 'learning_rate': '1.206e-07', 'epoch': '1'}
{'train_runtime': '6019', 'train_samples_per_second': '2.203', 'train_steps_per_second': '0.275', 'train_loss': '2.128', 'epoch': '1'}
Training finished.
Adapter saved to /Users/luca/Projects/ms-data-science/deep-learning/hw10/gpt2-samsum/final_adapter

--- Running Inference ---
**Prompt:**
Human: Summarize the following conversation.

Conversation:
James: <file_video>
James: Victor's first steps <3
Nathalie: He's sooo big!!!
Adlene: omg! Well done little boy
James: I can't stop him now :D
Nathalie: How old is he?
James: 10 months in a week
Adlene: So cute, look like he's waddling
James: <file_video>
Nathalie: I need to come over to see him <3

Assistant:


**Generated Summary:**
James is 10 months old. Nathalie is 10 months old. James needs to come over to see him.

**Ground Truth Summary:**
Victor made his first steps. He will be 10 months old in a week. 
