--- Starting fine-tuning for model_type: t5 ---
Model configured with LoRA:
trainable params: 294912 || all params: 60801536 || trainable%: 0.49
Starting training...
{'loss': '12.29', 'grad_norm': '0.4352', 'learning_rate': '0.0002', 'epoch': '0.0006034'}
{'loss': '12.36', 'grad_norm': '0.3756', 'learning_rate': '0.0001999', 'epoch': '0.001207'}
{'loss': '11.07', 'grad_norm': '0.4338', 'learning_rate': '0.0001998', 'epoch': '0.00181'}
{'loss': '13.51', 'grad_norm': '0.6015', 'learning_rate': '0.0001996', 'epoch': '0.002414'}
{'loss': '11.38', 'grad_norm': '0.4692', 'learning_rate': '0.0001995', 'epoch': '0.003017'}
{'loss': '12.85', 'grad_norm': '0.5199', 'learning_rate': '0.0001994', 'epoch': '0.00362'}
{'loss': '11.21', 'grad_norm': '0.3996', 'learning_rate': '0.0001993', 'epoch': '0.004224'}
{'loss': '10.95', 'grad_norm': '0.4008', 'learning_rate': '0.0001992', 'epoch': '0.004827'}
{'loss': '12.06', 'grad_norm': '0.5021', 'learning_rate': '0.000199', 'epoch': '0.005431'}
{'loss': '12.01', 'grad_norm': '0.5236', 'learning_rate': '0.0001989', 'epoch': '0.006034'}
{'loss': '11.06', 'grad_norm': '1.699', 'learning_rate': '0.0001988', 'epoch': '0.006638'}
{'loss': '12.81', 'grad_norm': '0.6175', 'learning_rate': '0.0001987', 'epoch': '0.007241'}
{'loss': '12.54', 'grad_norm': '0.663', 'learning_rate': '0.0001986', 'epoch': '0.007844'}
{'loss': '12.09', 'grad_norm': '0.4698', 'learning_rate': '0.0001984', 'epoch': '0.008448'}
{'loss': '12.07', 'grad_norm': '0.426', 'learning_rate': '0.0001983', 'epoch': '0.009051'}
{'loss': '10.95', 'grad_norm': '0.5366', 'learning_rate': '0.0001982', 'epoch': '0.009655'}
{'loss': '13', 'grad_norm': '0.5921', 'learning_rate': '0.0001981', 'epoch': '0.01026'}
{'loss': '11.85', 'grad_norm': '0.7685', 'learning_rate': '0.0001979', 'epoch': '0.01086'}
{'loss': '11.94', 'grad_norm': '0.7168', 'learning_rate': '0.0001978', 'epoch': '0.01146'}
{'loss': '11.81', 'grad_norm': '0.6109', 'learning_rate': '0.0001977', 'epoch': '0.01207'}
{'loss': '11.68', 'grad_norm': '0.6951', 'learning_rate': '0.0001976', 'epoch': '0.01267'}
{'loss': '13.1', 'grad_norm': '0.7994', 'learning_rate': '0.0001975', 'epoch': '0.01328'}
{'loss': '13.53', 'grad_norm': '0.6078', 'learning_rate': '0.0001973', 'epoch': '0.01388'}
{'loss': '10', 'grad_norm': '0.6724', 'learning_rate': '0.0001972', 'epoch': '0.01448'}
{'loss': '10.67', 'grad_norm': '0.7384', 'learning_rate': '0.0001971', 'epoch': '0.01509'}
{'loss': '11.81', 'grad_norm': '0.6787', 'learning_rate': '0.000197', 'epoch': '0.01569'}
{'loss': '11.3', 'grad_norm': '1.038', 'learning_rate': '0.0001969', 'epoch': '0.01629'}
{'loss': '10.08', 'grad_norm': '0.8592', 'learning_rate': '0.0001967', 'epoch': '0.0169'}
{'loss': '11.24', 'grad_norm': '0.797', 'learning_rate': '0.0001966', 'epoch': '0.0175'}
{'loss': '11.04', 'grad_norm': '0.8855', 'learning_rate': '0.0001965', 'epoch': '0.0181'}
{'loss': '10.34', 'grad_norm': '0.6437', 'learning_rate': '0.0001964', 'epoch': '0.01871'}
{'loss': '11.59', 'grad_norm': '0.6586', 'learning_rate': '0.0001963', 'epoch': '0.01931'}
{'loss': '11.88', 'grad_norm': '1.028', 'learning_rate': '0.0001961', 'epoch': '0.01991'}
{'loss': '10.41', 'grad_norm': '0.892', 'learning_rate': '0.000196', 'epoch': '0.02052'}
{'loss': '10.99', 'grad_norm': '0.7778', 'learning_rate': '0.0001959', 'epoch': '0.02112'}
{'loss': '10.87', 'grad_norm': '0.7867', 'learning_rate': '0.0001958', 'epoch': '0.02172'}
{'loss': '11.39', 'grad_norm': '0.8166', 'learning_rate': '0.0001957', 'epoch': '0.02233'}
{'loss': '10.27', 'grad_norm': '0.8151', 'learning_rate': '0.0001955', 'epoch': '0.02293'}
{'loss': '9.409', 'grad_norm': '1.004', 'learning_rate': '0.0001954', 'epoch': '0.02353'}
{'loss': '10.02', 'grad_norm': '0.8319', 'learning_rate': '0.0001953', 'epoch': '0.02414'}
{'loss': '10.94', 'grad_norm': '0.9474', 'learning_rate': '0.0001952', 'epoch': '0.02474'}
{'loss': '13.23', 'grad_norm': '0.7623', 'learning_rate': '0.0001951', 'epoch': '0.02534'}
{'loss': '11.64', 'grad_norm': '0.8743', 'learning_rate': '0.0001949', 'epoch': '0.02595'}
{'loss': '10.03', 'grad_norm': '1.078', 'learning_rate': '0.0001948', 'epoch': '0.02655'}
{'loss': '10.71', 'grad_norm': '0.8586', 'learning_rate': '0.0001947', 'epoch': '0.02715'}
{'loss': '10.96', 'grad_norm': '0.9147', 'learning_rate': '0.0001946', 'epoch': '0.02776'}
{'loss': '10.09', 'grad_norm': '1.208', 'learning_rate': '0.0001945', 'epoch': '0.02836'}
{'loss': '9.541', 'grad_norm': '0.7526', 'learning_rate': '0.0001943', 'epoch': '0.02896'}
{'loss': '12.5', 'grad_norm': '0.9173', 'learning_rate': '0.0001942', 'epoch': '0.02957'}
{'loss': '9.957', 'grad_norm': '0.8452', 'learning_rate': '0.0001941', 'epoch': '0.03017'}
{'loss': '9.232', 'grad_norm': '0.7382', 'learning_rate': '0.000194', 'epoch': '0.03077'}
{'loss': '10.09', 'grad_norm': '0.7322', 'learning_rate': '0.0001938', 'epoch': '0.03138'}
{'loss': '10.47', 'grad_norm': '1.104', 'learning_rate': '0.0001937', 'epoch': '0.03198'}
{'loss': '9.497', 'grad_norm': '0.6492', 'learning_rate': '0.0001936', 'epoch': '0.03258'}
{'loss': '10.58', 'grad_norm': '0.976', 'learning_rate': '0.0001935', 'epoch': '0.03319'}
{'loss': '11.23', 'grad_norm': '1.037', 'learning_rate': '0.0001934', 'epoch': '0.03379'}
{'loss': '8.659', 'grad_norm': '0.82', 'learning_rate': '0.0001932', 'epoch': '0.03439'}
{'loss': '8.553', 'grad_norm': '1.202', 'learning_rate': '0.0001931', 'epoch': '0.035'}
{'loss': '10.62', 'grad_norm': '1.441', 'learning_rate': '0.000193', 'epoch': '0.0356'}
{'loss': '10.14', 'grad_norm': '1.143', 'learning_rate': '0.0001929', 'epoch': '0.0362'}
{'loss': '8.317', 'grad_norm': '0.8462', 'learning_rate': '0.0001928', 'epoch': '0.03681'}
{'loss': '10.57', 'grad_norm': '1.085', 'learning_rate': '0.0001926', 'epoch': '0.03741'}
{'loss': '10.37', 'grad_norm': '1.315', 'learning_rate': '0.0001925', 'epoch': '0.03801'}
{'loss': '9.963', 'grad_norm': '0.7281', 'learning_rate': '0.0001924', 'epoch': '0.03862'}
{'loss': '10.09', 'grad_norm': '0.7369', 'learning_rate': '0.0001923', 'epoch': '0.03922'}
{'loss': '8.532', 'grad_norm': '1.003', 'learning_rate': '0.0001922', 'epoch': '0.03983'}
{'loss': '9.525', 'grad_norm': '1.041', 'learning_rate': '0.000192', 'epoch': '0.04043'}
{'loss': '8.992', 'grad_norm': '1.009', 'learning_rate': '0.0001919', 'epoch': '0.04103'}
{'loss': '9.189', 'grad_norm': '0.9839', 'learning_rate': '0.0001918', 'epoch': '0.04164'}
{'loss': '8.619', 'grad_norm': '0.908', 'learning_rate': '0.0001917', 'epoch': '0.04224'}
{'loss': '9.56', 'grad_norm': '0.866', 'learning_rate': '0.0001916', 'epoch': '0.04284'}
{'loss': '9.711', 'grad_norm': '1.047', 'learning_rate': '0.0001914', 'epoch': '0.04345'}
{'loss': '8.553', 'grad_norm': '0.9842', 'learning_rate': '0.0001913', 'epoch': '0.04405'}
{'loss': '9.469', 'grad_norm': '1.023', 'learning_rate': '0.0001912', 'epoch': '0.04465'}
{'loss': '9.43', 'grad_norm': '0.997', 'learning_rate': '0.0001911', 'epoch': '0.04526'}
{'loss': '8.087', 'grad_norm': '0.7918', 'learning_rate': '0.000191', 'epoch': '0.04586'}
{'loss': '10.29', 'grad_norm': '1.08', 'learning_rate': '0.0001908', 'epoch': '0.04646'}
{'loss': '11.02', 'grad_norm': '0.8756', 'learning_rate': '0.0001907', 'epoch': '0.04707'}
{'loss': '9.81', 'grad_norm': '0.8742', 'learning_rate': '0.0001906', 'epoch': '0.04767'}
{'loss': '9.143', 'grad_norm': '1.161', 'learning_rate': '0.0001905', 'epoch': '0.04827'}
{'loss': '9.152', 'grad_norm': '1.049', 'learning_rate': '0.0001903', 'epoch': '0.04888'}
{'loss': '9.214', 'grad_norm': '0.7724', 'learning_rate': '0.0001902', 'epoch': '0.04948'}
{'loss': '10.01', 'grad_norm': '0.8327', 'learning_rate': '0.0001901', 'epoch': '0.05008'}
{'loss': '10.57', 'grad_norm': '0.8882', 'learning_rate': '0.00019', 'epoch': '0.05069'}
{'loss': '8.734', 'grad_norm': '1.814', 'learning_rate': '0.0001899', 'epoch': '0.05129'}
{'loss': '9.682', 'grad_norm': '0.9416', 'learning_rate': '0.0001897', 'epoch': '0.05189'}
{'loss': '9.843', 'grad_norm': '0.8208', 'learning_rate': '0.0001896', 'epoch': '0.0525'}
{'loss': '9.52', 'grad_norm': '0.8218', 'learning_rate': '0.0001895', 'epoch': '0.0531'}
{'loss': '10.5', 'grad_norm': '1.382', 'learning_rate': '0.0001894', 'epoch': '0.0537'}
{'loss': '9.419', 'grad_norm': '0.7935', 'learning_rate': '0.0001893', 'epoch': '0.05431'}
{'loss': '9.895', 'grad_norm': '1.103', 'learning_rate': '0.0001891', 'epoch': '0.05491'}
{'loss': '9.552', 'grad_norm': '0.8197', 'learning_rate': '0.000189', 'epoch': '0.05551'}
{'loss': '9.048', 'grad_norm': '1.081', 'learning_rate': '0.0001889', 'epoch': '0.05612'}
{'loss': '9.125', 'grad_norm': '0.9651', 'learning_rate': '0.0001888', 'epoch': '0.05672'}
{'loss': '9.929', 'grad_norm': '0.9727', 'learning_rate': '0.0001887', 'epoch': '0.05732'}
{'loss': '8.087', 'grad_norm': '1.102', 'learning_rate': '0.0001885', 'epoch': '0.05793'}
{'loss': '7.928', 'grad_norm': '1.062', 'learning_rate': '0.0001884', 'epoch': '0.05853'}
{'loss': '9.36', 'grad_norm': '0.7318', 'learning_rate': '0.0001883', 'epoch': '0.05913'}
{'loss': '8.368', 'grad_norm': '0.8749', 'learning_rate': '0.0001882', 'epoch': '0.05974'}
{'loss': '7.753', 'grad_norm': '0.9125', 'learning_rate': '0.0001881', 'epoch': '0.06034'}
{'loss': '9.093', 'grad_norm': '0.7144', 'learning_rate': '0.0001879', 'epoch': '0.06094'}
{'loss': '8.815', 'grad_norm': '1.029', 'learning_rate': '0.0001878', 'epoch': '0.06155'}
{'loss': '10.87', 'grad_norm': '1.354', 'learning_rate': '0.0001877', 'epoch': '0.06215'}
{'loss': '11.78', 'grad_norm': '1.133', 'learning_rate': '0.0001876', 'epoch': '0.06275'}
{'loss': '9.937', 'grad_norm': '0.8908', 'learning_rate': '0.0001875', 'epoch': '0.06336'}
{'loss': '8.731', 'grad_norm': '1.002', 'learning_rate': '0.0001873', 'epoch': '0.06396'}
{'loss': '10.89', 'grad_norm': '0.7644', 'learning_rate': '0.0001872', 'epoch': '0.06456'}
{'loss': '9.938', 'grad_norm': '0.9934', 'learning_rate': '0.0001871', 'epoch': '0.06517'}
{'loss': '9.949', 'grad_norm': '1.328', 'learning_rate': '0.000187', 'epoch': '0.06577'}
{'loss': '9.831', 'grad_norm': '1.242', 'learning_rate': '0.0001869', 'epoch': '0.06638'}
{'loss': '9.213', 'grad_norm': '1.106', 'learning_rate': '0.0001867', 'epoch': '0.06698'}
{'loss': '9.246', 'grad_norm': '1.243', 'learning_rate': '0.0001866', 'epoch': '0.06758'}
{'loss': '9.734', 'grad_norm': '0.7485', 'learning_rate': '0.0001865', 'epoch': '0.06819'}
{'loss': '10.04', 'grad_norm': '1.442', 'learning_rate': '0.0001864', 'epoch': '0.06879'}
{'loss': '11.36', 'grad_norm': '1.214', 'learning_rate': '0.0001862', 'epoch': '0.06939'}
{'loss': '8.779', 'grad_norm': '0.9181', 'learning_rate': '0.0001861', 'epoch': '0.07'}
{'loss': '9.244', 'grad_norm': '1.016', 'learning_rate': '0.000186', 'epoch': '0.0706'}
{'loss': '8.58', 'grad_norm': '0.8724', 'learning_rate': '0.0001859', 'epoch': '0.0712'}
{'loss': '7.591', 'grad_norm': '1.111', 'learning_rate': '0.0001858', 'epoch': '0.07181'}
{'loss': '9.198', 'grad_norm': '0.8475', 'learning_rate': '0.0001856', 'epoch': '0.07241'}
{'loss': '8.792', 'grad_norm': '0.8117', 'learning_rate': '0.0001855', 'epoch': '0.07301'}
{'loss': '9.807', 'grad_norm': '1.13', 'learning_rate': '0.0001854', 'epoch': '0.07362'}
{'loss': '9.929', 'grad_norm': '0.7812', 'learning_rate': '0.0001853', 'epoch': '0.07422'}
{'loss': '9.647', 'grad_norm': '1.378', 'learning_rate': '0.0001852', 'epoch': '0.07482'}
{'loss': '8.838', 'grad_norm': '0.8733', 'learning_rate': '0.000185', 'epoch': '0.07543'}
{'loss': '9.857', 'grad_norm': '0.7475', 'learning_rate': '0.0001849', 'epoch': '0.07603'}
{'loss': '10.2', 'grad_norm': '1.101', 'learning_rate': '0.0001848', 'epoch': '0.07663'}
{'loss': '8.344', 'grad_norm': '0.8693', 'learning_rate': '0.0001847', 'epoch': '0.07724'}
{'loss': '9.511', 'grad_norm': '0.9142', 'learning_rate': '0.0001846', 'epoch': '0.07784'}
{'loss': '10.39', 'grad_norm': '0.9669', 'learning_rate': '0.0001844', 'epoch': '0.07844'}
{'loss': '9.434', 'grad_norm': '0.6913', 'learning_rate': '0.0001843', 'epoch': '0.07905'}
{'loss': '8.982', 'grad_norm': '0.9561', 'learning_rate': '0.0001842', 'epoch': '0.07965'}
{'loss': '8.275', 'grad_norm': '1.151', 'learning_rate': '0.0001841', 'epoch': '0.08025'}
{'loss': '8.634', 'grad_norm': '1.139', 'learning_rate': '0.000184', 'epoch': '0.08086'}
{'loss': '9.597', 'grad_norm': '0.8797', 'learning_rate': '0.0001838', 'epoch': '0.08146'}
{'loss': '7.25', 'grad_norm': '0.9441', 'learning_rate': '0.0001837', 'epoch': '0.08206'}
{'loss': '9.006', 'grad_norm': '0.9999', 'learning_rate': '0.0001836', 'epoch': '0.08267'}
{'loss': '8.676', 'grad_norm': '0.7902', 'learning_rate': '0.0001835', 'epoch': '0.08327'}
{'loss': '8.547', 'grad_norm': '0.9256', 'learning_rate': '0.0001834', 'epoch': '0.08387'}
{'loss': '8.327', 'grad_norm': '1.704', 'learning_rate': '0.0001832', 'epoch': '0.08448'}
{'loss': '10.08', 'grad_norm': '1.152', 'learning_rate': '0.0001831', 'epoch': '0.08508'}
{'loss': '8.609', 'grad_norm': '1.128', 'learning_rate': '0.000183', 'epoch': '0.08568'}
{'loss': '10.03', 'grad_norm': '1.191', 'learning_rate': '0.0001829', 'epoch': '0.08629'}
{'loss': '7.475', 'grad_norm': '0.8726', 'learning_rate': '0.0001828', 'epoch': '0.08689'}
{'loss': '10.23', 'grad_norm': '1.051', 'learning_rate': '0.0001826', 'epoch': '0.08749'}
{'loss': '8.497', 'grad_norm': '1.112', 'learning_rate': '0.0001825', 'epoch': '0.0881'}
{'loss': '7.365', 'grad_norm': '1.355', 'learning_rate': '0.0001824', 'epoch': '0.0887'}
{'loss': '10.49', 'grad_norm': '1.203', 'learning_rate': '0.0001823', 'epoch': '0.0893'}
{'loss': '8.893', 'grad_norm': '1.07', 'learning_rate': '0.0001821', 'epoch': '0.08991'}
{'loss': '9.962', 'grad_norm': '1.004', 'learning_rate': '0.000182', 'epoch': '0.09051'}
{'loss': '7.702', 'grad_norm': '0.9403', 'learning_rate': '0.0001819', 'epoch': '0.09111'}
{'loss': '10.17', 'grad_norm': '0.9489', 'learning_rate': '0.0001818', 'epoch': '0.09172'}
{'loss': '9.619', 'grad_norm': '1.258', 'learning_rate': '0.0001817', 'epoch': '0.09232'}
{'loss': '9.256', 'grad_norm': '0.809', 'learning_rate': '0.0001815', 'epoch': '0.09293'}
{'loss': '7.495', 'grad_norm': '0.9461', 'learning_rate': '0.0001814', 'epoch': '0.09353'}
{'loss': '8.877', 'grad_norm': '0.8589', 'learning_rate': '0.0001813', 'epoch': '0.09413'}
{'loss': '8.715', 'grad_norm': '0.9633', 'learning_rate': '0.0001812', 'epoch': '0.09474'}
{'loss': '9.476', 'grad_norm': '0.8779', 'learning_rate': '0.0001811', 'epoch': '0.09534'}
{'loss': '9.549', 'grad_norm': '1.022', 'learning_rate': '0.0001809', 'epoch': '0.09594'}
{'loss': '8.37', 'grad_norm': '1.093', 'learning_rate': '0.0001808', 'epoch': '0.09655'}
{'loss': '9.292', 'grad_norm': '0.954', 'learning_rate': '0.0001807', 'epoch': '0.09715'}
{'loss': '9.352', 'grad_norm': '0.9608', 'learning_rate': '0.0001806', 'epoch': '0.09775'}
{'loss': '9.699', 'grad_norm': '1.006', 'learning_rate': '0.0001805', 'epoch': '0.09836'}
{'loss': '9.767', 'grad_norm': '0.9156', 'learning_rate': '0.0001803', 'epoch': '0.09896'}
{'loss': '8.373', 'grad_norm': '0.8068', 'learning_rate': '0.0001802', 'epoch': '0.09956'}
{'loss': '10.91', 'grad_norm': '0.9228', 'learning_rate': '0.0001801', 'epoch': '0.1002'}
{'loss': '8.267', 'grad_norm': '1.054', 'learning_rate': '0.00018', 'epoch': '0.1008'}
{'loss': '7.965', 'grad_norm': '0.9681', 'learning_rate': '0.0001799', 'epoch': '0.1014'}
{'loss': '9.904', 'grad_norm': '1.087', 'learning_rate': '0.0001797', 'epoch': '0.102'}
{'loss': '9.058', 'grad_norm': '1.077', 'learning_rate': '0.0001796', 'epoch': '0.1026'}
{'loss': '10.05', 'grad_norm': '0.9506', 'learning_rate': '0.0001795', 'epoch': '0.1032'}
{'loss': '8.968', 'grad_norm': '0.9871', 'learning_rate': '0.0001794', 'epoch': '0.1038'}
{'loss': '8.222', 'grad_norm': '0.842', 'learning_rate': '0.0001793', 'epoch': '0.1044'}
{'loss': '10.71', 'grad_norm': '1.284', 'learning_rate': '0.0001791', 'epoch': '0.105'}
{'loss': '8.014', 'grad_norm': '0.8789', 'learning_rate': '0.000179', 'epoch': '0.1056'}
{'loss': '10.02', 'grad_norm': '1.377', 'learning_rate': '0.0001789', 'epoch': '0.1062'}
{'loss': '9.56', 'grad_norm': '1.152', 'learning_rate': '0.0001788', 'epoch': '0.1068'}
{'loss': '7.544', 'grad_norm': '1.185', 'learning_rate': '0.0001786', 'epoch': '0.1074'}
{'loss': '8.858', 'grad_norm': '0.8155', 'learning_rate': '0.0001785', 'epoch': '0.108'}
{'loss': '7.675', 'grad_norm': '1.127', 'learning_rate': '0.0001784', 'epoch': '0.1086'}
{'loss': '8.338', 'grad_norm': '1.007', 'learning_rate': '0.0001783', 'epoch': '0.1092'}
{'loss': '9.456', 'grad_norm': '1.12', 'learning_rate': '0.0001782', 'epoch': '0.1098'}
{'loss': '8.304', 'grad_norm': '0.8808', 'learning_rate': '0.000178', 'epoch': '0.1104'}
{'loss': '7.744', 'grad_norm': '1.095', 'learning_rate': '0.0001779', 'epoch': '0.111'}
{'loss': '10.19', 'grad_norm': '0.8704', 'learning_rate': '0.0001778', 'epoch': '0.1116'}
{'loss': '9.395', 'grad_norm': '0.8504', 'learning_rate': '0.0001777', 'epoch': '0.1122'}
{'loss': '9.877', 'grad_norm': '1.14', 'learning_rate': '0.0001776', 'epoch': '0.1128'}
{'loss': '10.28', 'grad_norm': '0.8835', 'learning_rate': '0.0001774', 'epoch': '0.1134'}
{'loss': '9.334', 'grad_norm': '1.086', 'learning_rate': '0.0001773', 'epoch': '0.114'}
{'loss': '9.682', 'grad_norm': '1', 'learning_rate': '0.0001772', 'epoch': '0.1146'}
{'loss': '9.23', 'grad_norm': '1.11', 'learning_rate': '0.0001771', 'epoch': '0.1153'}
{'loss': '7.861', 'grad_norm': '1.138', 'learning_rate': '0.000177', 'epoch': '0.1159'}
{'loss': '9.764', 'grad_norm': '1.139', 'learning_rate': '0.0001768', 'epoch': '0.1165'}
{'loss': '9.277', 'grad_norm': '1.182', 'learning_rate': '0.0001767', 'epoch': '0.1171'}
{'loss': '8.945', 'grad_norm': '0.8642', 'learning_rate': '0.0001766', 'epoch': '0.1177'}
{'loss': '8.911', 'grad_norm': '1.044', 'learning_rate': '0.0001765', 'epoch': '0.1183'}
{'loss': '9.046', 'grad_norm': '0.9323', 'learning_rate': '0.0001764', 'epoch': '0.1189'}
{'loss': '9.076', 'grad_norm': '1.375', 'learning_rate': '0.0001762', 'epoch': '0.1195'}
{'loss': '11.04', 'grad_norm': '0.812', 'learning_rate': '0.0001761', 'epoch': '0.1201'}
{'loss': '10.04', 'grad_norm': '0.9648', 'learning_rate': '0.000176', 'epoch': '0.1207'}
{'loss': '8.836', 'grad_norm': '0.9857', 'learning_rate': '0.0001759', 'epoch': '0.1213'}
{'loss': '10.28', 'grad_norm': '0.8374', 'learning_rate': '0.0001758', 'epoch': '0.1219'}
{'loss': '9.287', 'grad_norm': '0.7925', 'learning_rate': '0.0001756', 'epoch': '0.1225'}
{'loss': '8.584', 'grad_norm': '0.9976', 'learning_rate': '0.0001755', 'epoch': '0.1231'}
{'loss': '9.24', 'grad_norm': '0.9722', 'learning_rate': '0.0001754', 'epoch': '0.1237'}
{'loss': '8.964', 'grad_norm': '0.9745', 'learning_rate': '0.0001753', 'epoch': '0.1243'}
{'loss': '9.227', 'grad_norm': '1.09', 'learning_rate': '0.0001752', 'epoch': '0.1249'}
{'loss': '8.651', 'grad_norm': '0.9676', 'learning_rate': '0.000175', 'epoch': '0.1255'}
{'loss': '9.679', 'grad_norm': '1.176', 'learning_rate': '0.0001749', 'epoch': '0.1261'}
{'loss': '9.142', 'grad_norm': '1.01', 'learning_rate': '0.0001748', 'epoch': '0.1267'}
{'loss': '9.303', 'grad_norm': '1.243', 'learning_rate': '0.0001747', 'epoch': '0.1273'}
{'loss': '9.88', 'grad_norm': '1.004', 'learning_rate': '0.0001745', 'epoch': '0.1279'}
{'loss': '7.856', 'grad_norm': '1.024', 'learning_rate': '0.0001744', 'epoch': '0.1285'}
{'loss': '8.408', 'grad_norm': '0.9189', 'learning_rate': '0.0001743', 'epoch': '0.1291'}
{'loss': '8.105', 'grad_norm': '0.9952', 'learning_rate': '0.0001742', 'epoch': '0.1297'}
{'loss': '10.48', 'grad_norm': '1.051', 'learning_rate': '0.0001741', 'epoch': '0.1303'}
{'loss': '8.83', 'grad_norm': '1.365', 'learning_rate': '0.0001739', 'epoch': '0.1309'}
{'loss': '10.17', 'grad_norm': '0.8981', 'learning_rate': '0.0001738', 'epoch': '0.1315'}
{'loss': '8.745', 'grad_norm': '0.9984', 'learning_rate': '0.0001737', 'epoch': '0.1321'}
{'loss': '8.082', 'grad_norm': '1.21', 'learning_rate': '0.0001736', 'epoch': '0.1328'}
{'loss': '8.572', 'grad_norm': '0.8339', 'learning_rate': '0.0001735', 'epoch': '0.1334'}
{'loss': '9.437', 'grad_norm': '1.02', 'learning_rate': '0.0001733', 'epoch': '0.134'}
{'loss': '9.21', 'grad_norm': '1.13', 'learning_rate': '0.0001732', 'epoch': '0.1346'}
{'loss': '10.46', 'grad_norm': '1.182', 'learning_rate': '0.0001731', 'epoch': '0.1352'}
{'loss': '8.212', 'grad_norm': '0.9487', 'learning_rate': '0.000173', 'epoch': '0.1358'}
{'loss': '7.938', 'grad_norm': '1.244', 'learning_rate': '0.0001729', 'epoch': '0.1364'}
{'loss': '7.918', 'grad_norm': '1.004', 'learning_rate': '0.0001727', 'epoch': '0.137'}
{'loss': '8.617', 'grad_norm': '1.116', 'learning_rate': '0.0001726', 'epoch': '0.1376'}
{'loss': '8.828', 'grad_norm': '1.24', 'learning_rate': '0.0001725', 'epoch': '0.1382'}
{'loss': '9.948', 'grad_norm': '0.9519', 'learning_rate': '0.0001724', 'epoch': '0.1388'}
{'loss': '9.964', 'grad_norm': '1.023', 'learning_rate': '0.0001723', 'epoch': '0.1394'}
{'loss': '8.881', 'grad_norm': '0.801', 'learning_rate': '0.0001721', 'epoch': '0.14'}
{'loss': '10.33', 'grad_norm': '1.046', 'learning_rate': '0.000172', 'epoch': '0.1406'}
{'loss': '7.39', 'grad_norm': '1.208', 'learning_rate': '0.0001719', 'epoch': '0.1412'}
{'loss': '8.364', 'grad_norm': '1.168', 'learning_rate': '0.0001718', 'epoch': '0.1418'}
{'loss': '9.084', 'grad_norm': '1.026', 'learning_rate': '0.0001717', 'epoch': '0.1424'}
{'loss': '9.344', 'grad_norm': '0.9673', 'learning_rate': '0.0001715', 'epoch': '0.143'}
{'loss': '8.948', 'grad_norm': '1.036', 'learning_rate': '0.0001714', 'epoch': '0.1436'}
{'loss': '7.61', 'grad_norm': '1.115', 'learning_rate': '0.0001713', 'epoch': '0.1442'}
{'loss': '8.236', 'grad_norm': '0.8575', 'learning_rate': '0.0001712', 'epoch': '0.1448'}
{'loss': '9.094', 'grad_norm': '1.172', 'learning_rate': '0.000171', 'epoch': '0.1454'}
{'loss': '10.08', 'grad_norm': '1.03', 'learning_rate': '0.0001709', 'epoch': '0.146'}
{'loss': '9.243', 'grad_norm': '1.181', 'learning_rate': '0.0001708', 'epoch': '0.1466'}
{'loss': '8.832', 'grad_norm': '1.102', 'learning_rate': '0.0001707', 'epoch': '0.1472'}
{'loss': '7.717', 'grad_norm': '0.9976', 'learning_rate': '0.0001706', 'epoch': '0.1478'}
{'loss': '7.952', 'grad_norm': '1.047', 'learning_rate': '0.0001704', 'epoch': '0.1484'}
{'loss': '8.219', 'grad_norm': '0.9749', 'learning_rate': '0.0001703', 'epoch': '0.149'}
{'loss': '8.838', 'grad_norm': '1.161', 'learning_rate': '0.0001702', 'epoch': '0.1496'}
{'loss': '7.631', 'grad_norm': '1.311', 'learning_rate': '0.0001701', 'epoch': '0.1502'}
{'loss': '8.847', 'grad_norm': '1.107', 'learning_rate': '0.00017', 'epoch': '0.1509'}
{'loss': '8.269', 'grad_norm': '1.451', 'learning_rate': '0.0001698', 'epoch': '0.1515'}
{'loss': '8.741', 'grad_norm': '1.194', 'learning_rate': '0.0001697', 'epoch': '0.1521'}
{'loss': '7.603', 'grad_norm': '0.8099', 'learning_rate': '0.0001696', 'epoch': '0.1527'}
{'loss': '9.812', 'grad_norm': '0.9926', 'learning_rate': '0.0001695', 'epoch': '0.1533'}
{'loss': '9.03', 'grad_norm': '0.8469', 'learning_rate': '0.0001694', 'epoch': '0.1539'}
{'loss': '8.733', 'grad_norm': '1.019', 'learning_rate': '0.0001692', 'epoch': '0.1545'}
{'loss': '10.27', 'grad_norm': '0.9699', 'learning_rate': '0.0001691', 'epoch': '0.1551'}
{'loss': '9.514', 'grad_norm': '1.941', 'learning_rate': '0.000169', 'epoch': '0.1557'}
{'loss': '8.086', 'grad_norm': '0.9643', 'learning_rate': '0.0001689', 'epoch': '0.1563'}
{'loss': '10.41', 'grad_norm': '1.075', 'learning_rate': '0.0001688', 'epoch': '0.1569'}
{'loss': '8.421', 'grad_norm': '1.094', 'learning_rate': '0.0001686', 'epoch': '0.1575'}
{'loss': '8.533', 'grad_norm': '0.8695', 'learning_rate': '0.0001685', 'epoch': '0.1581'}
{'loss': '10.14', 'grad_norm': '0.9164', 'learning_rate': '0.0001684', 'epoch': '0.1587'}
{'loss': '9.067', 'grad_norm': '0.7804', 'learning_rate': '0.0001683', 'epoch': '0.1593'}
{'loss': '6.932', 'grad_norm': '1.122', 'learning_rate': '0.0001682', 'epoch': '0.1599'}
{'loss': '8.139', 'grad_norm': '1.136', 'learning_rate': '0.000168', 'epoch': '0.1605'}
{'loss': '11.97', 'grad_norm': '1.589', 'learning_rate': '0.0001679', 'epoch': '0.1611'}
{'loss': '8.394', 'grad_norm': '1.013', 'learning_rate': '0.0001678', 'epoch': '0.1617'}
{'loss': '9.976', 'grad_norm': '1.244', 'learning_rate': '0.0001677', 'epoch': '0.1623'}
{'loss': '9.957', 'grad_norm': '1.259', 'learning_rate': '0.0001676', 'epoch': '0.1629'}
{'loss': '8.011', 'grad_norm': '1.159', 'learning_rate': '0.0001674', 'epoch': '0.1635'}
{'loss': '8.145', 'grad_norm': '1.007', 'learning_rate': '0.0001673', 'epoch': '0.1641'}
{'loss': '7.835', 'grad_norm': '0.9724', 'learning_rate': '0.0001672', 'epoch': '0.1647'}
{'loss': '10.89', 'grad_norm': '1.229', 'learning_rate': '0.0001671', 'epoch': '0.1653'}
{'loss': '8.701', 'grad_norm': '0.9358', 'learning_rate': '0.0001669', 'epoch': '0.1659'}
{'loss': '10.39', 'grad_norm': '1.004', 'learning_rate': '0.0001668', 'epoch': '0.1665'}
{'loss': '9.67', 'grad_norm': '0.815', 'learning_rate': '0.0001667', 'epoch': '0.1671'}
{'loss': '8.534', 'grad_norm': '0.9918', 'learning_rate': '0.0001666', 'epoch': '0.1677'}
{'loss': '9.601', 'grad_norm': '1.063', 'learning_rate': '0.0001665', 'epoch': '0.1684'}
{'loss': '7.978', 'grad_norm': '1.024', 'learning_rate': '0.0001663', 'epoch': '0.169'}
{'loss': '9.267', 'grad_norm': '0.7444', 'learning_rate': '0.0001662', 'epoch': '0.1696'}
{'loss': '8.904', 'grad_norm': '0.8672', 'learning_rate': '0.0001661', 'epoch': '0.1702'}
{'loss': '8.211', 'grad_norm': '1.032', 'learning_rate': '0.000166', 'epoch': '0.1708'}
{'loss': '8.532', 'grad_norm': '1.004', 'learning_rate': '0.0001659', 'epoch': '0.1714'}
{'loss': '9.095', 'grad_norm': '1.206', 'learning_rate': '0.0001657', 'epoch': '0.172'}
{'loss': '10.02', 'grad_norm': '1.436', 'learning_rate': '0.0001656', 'epoch': '0.1726'}
{'loss': '9.55', 'grad_norm': '1.138', 'learning_rate': '0.0001655', 'epoch': '0.1732'}
{'loss': '9.586', 'grad_norm': '1.159', 'learning_rate': '0.0001654', 'epoch': '0.1738'}
{'loss': '9.381', 'grad_norm': '1.291', 'learning_rate': '0.0001653', 'epoch': '0.1744'}
{'loss': '9.054', 'grad_norm': '1.283', 'learning_rate': '0.0001651', 'epoch': '0.175'}
{'loss': '8.619', 'grad_norm': '1.151', 'learning_rate': '0.000165', 'epoch': '0.1756'}
{'loss': '6.956', 'grad_norm': '1.008', 'learning_rate': '0.0001649', 'epoch': '0.1762'}
{'loss': '8.273', 'grad_norm': '0.8568', 'learning_rate': '0.0001648', 'epoch': '0.1768'}
{'loss': '10.35', 'grad_norm': '0.8619', 'learning_rate': '0.0001647', 'epoch': '0.1774'}
{'loss': '10.26', 'grad_norm': '1.181', 'learning_rate': '0.0001645', 'epoch': '0.178'}
{'loss': '10.36', 'grad_norm': '1.152', 'learning_rate': '0.0001644', 'epoch': '0.1786'}
{'loss': '8.88', 'grad_norm': '1.18', 'learning_rate': '0.0001643', 'epoch': '0.1792'}
{'loss': '9.61', 'grad_norm': '1.03', 'learning_rate': '0.0001642', 'epoch': '0.1798'}
{'loss': '8.822', 'grad_norm': '0.9116', 'learning_rate': '0.0001641', 'epoch': '0.1804'}
{'loss': '9.12', 'grad_norm': '0.8843', 'learning_rate': '0.0001639', 'epoch': '0.181'}
{'loss': '8.589', 'grad_norm': '4.934', 'learning_rate': '0.0001638', 'epoch': '0.1816'}
{'loss': '9.442', 'grad_norm': '1.062', 'learning_rate': '0.0001637', 'epoch': '0.1822'}
{'loss': '8.393', 'grad_norm': '1.054', 'learning_rate': '0.0001636', 'epoch': '0.1828'}
{'loss': '9.774', 'grad_norm': '0.8705', 'learning_rate': '0.0001634', 'epoch': '0.1834'}
{'loss': '8.9', 'grad_norm': '1.167', 'learning_rate': '0.0001633', 'epoch': '0.184'}
{'loss': '9.515', 'grad_norm': '1.129', 'learning_rate': '0.0001632', 'epoch': '0.1846'}
{'loss': '8.04', 'grad_norm': '0.8194', 'learning_rate': '0.0001631', 'epoch': '0.1852'}
{'loss': '7.694', 'grad_norm': '1.054', 'learning_rate': '0.000163', 'epoch': '0.1859'}
{'loss': '8.869', 'grad_norm': '0.8983', 'learning_rate': '0.0001628', 'epoch': '0.1865'}
{'loss': '8.079', 'grad_norm': '0.9263', 'learning_rate': '0.0001627', 'epoch': '0.1871'}
{'loss': '8.972', 'grad_norm': '1.643', 'learning_rate': '0.0001626', 'epoch': '0.1877'}
{'loss': '7.907', 'grad_norm': '1.179', 'learning_rate': '0.0001625', 'epoch': '0.1883'}
{'loss': '10.06', 'grad_norm': '1.007', 'learning_rate': '0.0001624', 'epoch': '0.1889'}
{'loss': '7.189', 'grad_norm': '1.176', 'learning_rate': '0.0001622', 'epoch': '0.1895'}
{'loss': '7.828', 'grad_norm': '0.9763', 'learning_rate': '0.0001621', 'epoch': '0.1901'}
{'loss': '7.493', 'grad_norm': '0.9796', 'learning_rate': '0.000162', 'epoch': '0.1907'}
{'loss': '9.13', 'grad_norm': '0.9504', 'learning_rate': '0.0001619', 'epoch': '0.1913'}
{'loss': '9.024', 'grad_norm': '1.434', 'learning_rate': '0.0001618', 'epoch': '0.1919'}
{'loss': '9.268', 'grad_norm': '1.551', 'learning_rate': '0.0001616', 'epoch': '0.1925'}
{'loss': '8.826', 'grad_norm': '1.011', 'learning_rate': '0.0001615', 'epoch': '0.1931'}
{'loss': '8.092', 'grad_norm': '0.9697', 'learning_rate': '0.0001614', 'epoch': '0.1937'}
{'loss': '9.397', 'grad_norm': '1.051', 'learning_rate': '0.0001613', 'epoch': '0.1943'}
{'loss': '9.374', 'grad_norm': '0.9679', 'learning_rate': '0.0001612', 'epoch': '0.1949'}
{'loss': '10.81', 'grad_norm': '0.9324', 'learning_rate': '0.000161', 'epoch': '0.1955'}
{'loss': '7.064', 'grad_norm': '1.157', 'learning_rate': '0.0001609', 'epoch': '0.1961'}
{'loss': '8.385', 'grad_norm': '1.212', 'learning_rate': '0.0001608', 'epoch': '0.1967'}
{'loss': '8.356', 'grad_norm': '0.9778', 'learning_rate': '0.0001607', 'epoch': '0.1973'}
{'loss': '9.038', 'grad_norm': '1.301', 'learning_rate': '0.0001606', 'epoch': '0.1979'}
{'loss': '8.44', 'grad_norm': '1.254', 'learning_rate': '0.0001604', 'epoch': '0.1985'}
{'loss': '7.833', 'grad_norm': '1.057', 'learning_rate': '0.0001603', 'epoch': '0.1991'}
{'loss': '8.511', 'grad_norm': '1.127', 'learning_rate': '0.0001602', 'epoch': '0.1997'}
{'loss': '9.507', 'grad_norm': '0.9632', 'learning_rate': '0.0001601', 'epoch': '0.2003'}
{'loss': '9.403', 'grad_norm': '1.202', 'learning_rate': '0.00016', 'epoch': '0.2009'}
{'loss': '8.746', 'grad_norm': '1.344', 'learning_rate': '0.0001598', 'epoch': '0.2015'}
{'loss': '8.443', 'grad_norm': '0.8335', 'learning_rate': '0.0001597', 'epoch': '0.2021'}
{'loss': '9.736', 'grad_norm': '1.121', 'learning_rate': '0.0001596', 'epoch': '0.2027'}
{'loss': '7.162', 'grad_norm': '1.149', 'learning_rate': '0.0001595', 'epoch': '0.2033'}
{'loss': '10.84', 'grad_norm': '0.9654', 'learning_rate': '0.0001593', 'epoch': '0.204'}
{'loss': '7.422', 'grad_norm': '1.321', 'learning_rate': '0.0001592', 'epoch': '0.2046'}
{'loss': '9.11', 'grad_norm': '0.998', 'learning_rate': '0.0001591', 'epoch': '0.2052'}
{'loss': '8.966', 'grad_norm': '1.106', 'learning_rate': '0.000159', 'epoch': '0.2058'}
{'loss': '7.883', 'grad_norm': '0.8731', 'learning_rate': '0.0001589', 'epoch': '0.2064'}
{'loss': '9.044', 'grad_norm': '0.9818', 'learning_rate': '0.0001587', 'epoch': '0.207'}
{'loss': '7.666', 'grad_norm': '1.094', 'learning_rate': '0.0001586', 'epoch': '0.2076'}
{'loss': '8.711', 'grad_norm': '1.115', 'learning_rate': '0.0001585', 'epoch': '0.2082'}
{'loss': '8.269', 'grad_norm': '1.03', 'learning_rate': '0.0001584', 'epoch': '0.2088'}
{'loss': '7.688', 'grad_norm': '0.9658', 'learning_rate': '0.0001583', 'epoch': '0.2094'}
{'loss': '10.14', 'grad_norm': '1.167', 'learning_rate': '0.0001581', 'epoch': '0.21'}
{'loss': '9.013', 'grad_norm': '1.104', 'learning_rate': '0.000158', 'epoch': '0.2106'}
{'loss': '9.163', 'grad_norm': '1.3', 'learning_rate': '0.0001579', 'epoch': '0.2112'}
{'loss': '9.233', 'grad_norm': '1.312', 'learning_rate': '0.0001578', 'epoch': '0.2118'}
{'loss': '9.192', 'grad_norm': '1.095', 'learning_rate': '0.0001577', 'epoch': '0.2124'}
{'loss': '11.03', 'grad_norm': '1.729', 'learning_rate': '0.0001575', 'epoch': '0.213'}
{'loss': '9.263', 'grad_norm': '1.086', 'learning_rate': '0.0001574', 'epoch': '0.2136'}
{'loss': '9.39', 'grad_norm': '1.043', 'learning_rate': '0.0001573', 'epoch': '0.2142'}
{'loss': '9.278', 'grad_norm': '1.147', 'learning_rate': '0.0001572', 'epoch': '0.2148'}
{'loss': '10.45', 'grad_norm': '1.218', 'learning_rate': '0.0001571', 'epoch': '0.2154'}
{'loss': '8.595', 'grad_norm': '1.192', 'learning_rate': '0.0001569', 'epoch': '0.216'}
{'loss': '7.623', 'grad_norm': '0.9851', 'learning_rate': '0.0001568', 'epoch': '0.2166'}
{'loss': '8.907', 'grad_norm': '1.147', 'learning_rate': '0.0001567', 'epoch': '0.2172'}
{'loss': '8.921', 'grad_norm': '0.9702', 'learning_rate': '0.0001566', 'epoch': '0.2178'}
{'loss': '8.843', 'grad_norm': '1.24', 'learning_rate': '0.0001565', 'epoch': '0.2184'}
{'loss': '9.176', 'grad_norm': '0.9629', 'learning_rate': '0.0001563', 'epoch': '0.219'}
{'loss': '10.71', 'grad_norm': '0.8994', 'learning_rate': '0.0001562', 'epoch': '0.2196'}
{'loss': '9.525', 'grad_norm': '1.199', 'learning_rate': '0.0001561', 'epoch': '0.2202'}
{'loss': '9.363', 'grad_norm': '1.484', 'learning_rate': '0.000156', 'epoch': '0.2208'}
{'loss': '8.773', 'grad_norm': '0.9943', 'learning_rate': '0.0001559', 'epoch': '0.2215'}
{'loss': '9.465', 'grad_norm': '0.841', 'learning_rate': '0.0001557', 'epoch': '0.2221'}
{'loss': '9.773', 'grad_norm': '1.122', 'learning_rate': '0.0001556', 'epoch': '0.2227'}
{'loss': '8.623', 'grad_norm': '1.155', 'learning_rate': '0.0001555', 'epoch': '0.2233'}
{'loss': '9.048', 'grad_norm': '0.7961', 'learning_rate': '0.0001554', 'epoch': '0.2239'}
{'loss': '8.156', 'grad_norm': '1.03', 'learning_rate': '0.0001552', 'epoch': '0.2245'}
{'loss': '9.219', 'grad_norm': '1.002', 'learning_rate': '0.0001551', 'epoch': '0.2251'}
{'loss': '9.798', 'grad_norm': '1.08', 'learning_rate': '0.000155', 'epoch': '0.2257'}
{'loss': '8.497', 'grad_norm': '0.8948', 'learning_rate': '0.0001549', 'epoch': '0.2263'}
{'loss': '7.88', 'grad_norm': '1.105', 'learning_rate': '0.0001548', 'epoch': '0.2269'}
{'loss': '7.09', 'grad_norm': '1.154', 'learning_rate': '0.0001546', 'epoch': '0.2275'}
{'loss': '7.823', 'grad_norm': '0.8155', 'learning_rate': '0.0001545', 'epoch': '0.2281'}
{'loss': '9.057', 'grad_norm': '1.038', 'learning_rate': '0.0001544', 'epoch': '0.2287'}
{'loss': '8.139', 'grad_norm': '1.242', 'learning_rate': '0.0001543', 'epoch': '0.2293'}
{'loss': '8.938', 'grad_norm': '1.076', 'learning_rate': '0.0001542', 'epoch': '0.2299'}
{'loss': '7.813', 'grad_norm': '1.147', 'learning_rate': '0.000154', 'epoch': '0.2305'}
{'loss': '7.977', 'grad_norm': '1.37', 'learning_rate': '0.0001539', 'epoch': '0.2311'}
{'loss': '9.062', 'grad_norm': '1.186', 'learning_rate': '0.0001538', 'epoch': '0.2317'}
{'loss': '8.993', 'grad_norm': '1.008', 'learning_rate': '0.0001537', 'epoch': '0.2323'}
{'loss': '8.471', 'grad_norm': '1.62', 'learning_rate': '0.0001536', 'epoch': '0.2329'}
{'loss': '8.739', 'grad_norm': '0.9985', 'learning_rate': '0.0001534', 'epoch': '0.2335'}
{'loss': '8.668', 'grad_norm': '1.747', 'learning_rate': '0.0001533', 'epoch': '0.2341'}
{'loss': '8.694', 'grad_norm': '0.9735', 'learning_rate': '0.0001532', 'epoch': '0.2347'}
{'loss': '8.235', 'grad_norm': '0.9748', 'learning_rate': '0.0001531', 'epoch': '0.2353'}
{'loss': '10.86', 'grad_norm': '1.122', 'learning_rate': '0.000153', 'epoch': '0.2359'}
{'loss': '8.493', 'grad_norm': '0.9474', 'learning_rate': '0.0001528', 'epoch': '0.2365'}
{'loss': '8.405', 'grad_norm': '0.9553', 'learning_rate': '0.0001527', 'epoch': '0.2371'}
{'loss': '9.383', 'grad_norm': '1.077', 'learning_rate': '0.0001526', 'epoch': '0.2377'}
{'loss': '9.281', 'grad_norm': '1.197', 'learning_rate': '0.0001525', 'epoch': '0.2383'}
{'loss': '8.804', 'grad_norm': '0.8677', 'learning_rate': '0.0001524', 'epoch': '0.239'}
{'loss': '10.47', 'grad_norm': '1.184', 'learning_rate': '0.0001522', 'epoch': '0.2396'}
{'loss': '9.716', 'grad_norm': '1.81', 'learning_rate': '0.0001521', 'epoch': '0.2402'}
{'loss': '9.121', 'grad_norm': '0.9781', 'learning_rate': '0.000152', 'epoch': '0.2408'}
{'loss': '7.722', 'grad_norm': '1.055', 'learning_rate': '0.0001519', 'epoch': '0.2414'}
{'loss': '11.37', 'grad_norm': '1.246', 'learning_rate': '0.0001517', 'epoch': '0.242'}
{'loss': '9.416', 'grad_norm': '1.035', 'learning_rate': '0.0001516', 'epoch': '0.2426'}
{'loss': '7.784', 'grad_norm': '0.752', 'learning_rate': '0.0001515', 'epoch': '0.2432'}
{'loss': '8.101', 'grad_norm': '0.9251', 'learning_rate': '0.0001514', 'epoch': '0.2438'}
{'loss': '8.642', 'grad_norm': '1.319', 'learning_rate': '0.0001513', 'epoch': '0.2444'}
{'loss': '9.104', 'grad_norm': '1.064', 'learning_rate': '0.0001511', 'epoch': '0.245'}
{'loss': '7.264', 'grad_norm': '1.039', 'learning_rate': '0.000151', 'epoch': '0.2456'}
{'loss': '9.821', 'grad_norm': '1.026', 'learning_rate': '0.0001509', 'epoch': '0.2462'}
{'loss': '9.357', 'grad_norm': '1.524', 'learning_rate': '0.0001508', 'epoch': '0.2468'}
{'loss': '8.902', 'grad_norm': '1.282', 'learning_rate': '0.0001507', 'epoch': '0.2474'}
{'loss': '9.18', 'grad_norm': '0.8534', 'learning_rate': '0.0001505', 'epoch': '0.248'}
{'loss': '9.737', 'grad_norm': '1.145', 'learning_rate': '0.0001504', 'epoch': '0.2486'}
{'loss': '9.637', 'grad_norm': '1.032', 'learning_rate': '0.0001503', 'epoch': '0.2492'}
{'loss': '8.517', 'grad_norm': '0.9365', 'learning_rate': '0.0001502', 'epoch': '0.2498'}
{'loss': '7.37', 'grad_norm': '0.8668', 'learning_rate': '0.0001501', 'epoch': '0.2504'}
{'loss': '7.664', 'grad_norm': '1.106', 'learning_rate': '0.0001499', 'epoch': '0.251'}
{'loss': '8.535', 'grad_norm': '0.9689', 'learning_rate': '0.0001498', 'epoch': '0.2516'}
{'loss': '10.07', 'grad_norm': '1.197', 'learning_rate': '0.0001497', 'epoch': '0.2522'}
{'loss': '9.005', 'grad_norm': '1.091', 'learning_rate': '0.0001496', 'epoch': '0.2528'}
{'loss': '9.733', 'grad_norm': '1.32', 'learning_rate': '0.0001495', 'epoch': '0.2534'}
{'loss': '9.169', 'grad_norm': '1.667', 'learning_rate': '0.0001493', 'epoch': '0.254'}
{'loss': '9.974', 'grad_norm': '1.201', 'learning_rate': '0.0001492', 'epoch': '0.2546'}
{'loss': '8.153', 'grad_norm': '1.061', 'learning_rate': '0.0001491', 'epoch': '0.2552'}
{'loss': '7.446', 'grad_norm': '1.013', 'learning_rate': '0.000149', 'epoch': '0.2558'}
{'loss': '8.351', 'grad_norm': '1.219', 'learning_rate': '0.0001489', 'epoch': '0.2564'}
{'loss': '9.658', 'grad_norm': '0.9613', 'learning_rate': '0.0001487', 'epoch': '0.2571'}
{'loss': '7.258', 'grad_norm': '1.015', 'learning_rate': '0.0001486', 'epoch': '0.2577'}
{'loss': '9.584', 'grad_norm': '0.9445', 'learning_rate': '0.0001485', 'epoch': '0.2583'}
{'loss': '7.914', 'grad_norm': '0.9406', 'learning_rate': '0.0001484', 'epoch': '0.2589'}
{'loss': '10.41', 'grad_norm': '1.135', 'learning_rate': '0.0001483', 'epoch': '0.2595'}
{'loss': '9.559', 'grad_norm': '1.519', 'learning_rate': '0.0001481', 'epoch': '0.2601'}
{'loss': '8.481', 'grad_norm': '3.01', 'learning_rate': '0.000148', 'epoch': '0.2607'}
{'loss': '8.634', 'grad_norm': '1.239', 'learning_rate': '0.0001479', 'epoch': '0.2613'}
{'loss': '9.929', 'grad_norm': '0.9857', 'learning_rate': '0.0001478', 'epoch': '0.2619'}
{'loss': '10.89', 'grad_norm': '0.9804', 'learning_rate': '0.0001476', 'epoch': '0.2625'}
{'loss': '7.498', 'grad_norm': '0.9562', 'learning_rate': '0.0001475', 'epoch': '0.2631'}
{'loss': '8.949', 'grad_norm': '1.012', 'learning_rate': '0.0001474', 'epoch': '0.2637'}
{'loss': '9.113', 'grad_norm': '1.047', 'learning_rate': '0.0001473', 'epoch': '0.2643'}
{'loss': '9.179', 'grad_norm': '0.9421', 'learning_rate': '0.0001472', 'epoch': '0.2649'}
{'loss': '10.11', 'grad_norm': '1.225', 'learning_rate': '0.000147', 'epoch': '0.2655'}
{'loss': '7.695', 'grad_norm': '1.195', 'learning_rate': '0.0001469', 'epoch': '0.2661'}
{'loss': '8.525', 'grad_norm': '0.869', 'learning_rate': '0.0001468', 'epoch': '0.2667'}
{'loss': '8.061', 'grad_norm': '1.019', 'learning_rate': '0.0001467', 'epoch': '0.2673'}
{'loss': '8.174', 'grad_norm': '1.008', 'learning_rate': '0.0001466', 'epoch': '0.2679'}
{'loss': '11.4', 'grad_norm': '1.421', 'learning_rate': '0.0001464', 'epoch': '0.2685'}
{'loss': '9.019', 'grad_norm': '0.9482', 'learning_rate': '0.0001463', 'epoch': '0.2691'}
{'loss': '8.316', 'grad_norm': '0.8756', 'learning_rate': '0.0001462', 'epoch': '0.2697'}
{'loss': '7.634', 'grad_norm': '1.026', 'learning_rate': '0.0001461', 'epoch': '0.2703'}
{'loss': '9.066', 'grad_norm': '1.063', 'learning_rate': '0.000146', 'epoch': '0.2709'}
{'loss': '9.918', 'grad_norm': '1.147', 'learning_rate': '0.0001458', 'epoch': '0.2715'}
{'loss': '9.136', 'grad_norm': '1.584', 'learning_rate': '0.0001457', 'epoch': '0.2721'}
{'loss': '8.454', 'grad_norm': '0.9523', 'learning_rate': '0.0001456', 'epoch': '0.2727'}
{'loss': '9.186', 'grad_norm': '1.021', 'learning_rate': '0.0001455', 'epoch': '0.2733'}
{'loss': '8.081', 'grad_norm': '1.349', 'learning_rate': '0.0001454', 'epoch': '0.2739'}
{'loss': '7.923', 'grad_norm': '1.09', 'learning_rate': '0.0001452', 'epoch': '0.2746'}
{'loss': '9.472', 'grad_norm': '1.059', 'learning_rate': '0.0001451', 'epoch': '0.2752'}
{'loss': '7.677', 'grad_norm': '1.161', 'learning_rate': '0.000145', 'epoch': '0.2758'}
{'loss': '8.766', 'grad_norm': '1.042', 'learning_rate': '0.0001449', 'epoch': '0.2764'}
{'loss': '9.876', 'grad_norm': '1.868', 'learning_rate': '0.0001448', 'epoch': '0.277'}
{'loss': '9.364', 'grad_norm': '0.9587', 'learning_rate': '0.0001446', 'epoch': '0.2776'}
{'loss': '9.046', 'grad_norm': '1.048', 'learning_rate': '0.0001445', 'epoch': '0.2782'}
{'loss': '8.144', 'grad_norm': '0.8327', 'learning_rate': '0.0001444', 'epoch': '0.2788'}
{'loss': '9.951', 'grad_norm': '0.921', 'learning_rate': '0.0001443', 'epoch': '0.2794'}
{'loss': '9.788', 'grad_norm': '1.167', 'learning_rate': '0.0001441', 'epoch': '0.28'}
{'loss': '8.14', 'grad_norm': '1.219', 'learning_rate': '0.000144', 'epoch': '0.2806'}
{'loss': '8.94', 'grad_norm': '1.398', 'learning_rate': '0.0001439', 'epoch': '0.2812'}
{'loss': '8.574', 'grad_norm': '0.8907', 'learning_rate': '0.0001438', 'epoch': '0.2818'}
{'loss': '7.132', 'grad_norm': '1.461', 'learning_rate': '0.0001437', 'epoch': '0.2824'}
{'loss': '9.477', 'grad_norm': '1.046', 'learning_rate': '0.0001435', 'epoch': '0.283'}
{'loss': '7.693', 'grad_norm': '1.024', 'learning_rate': '0.0001434', 'epoch': '0.2836'}
{'loss': '9.088', 'grad_norm': '0.8012', 'learning_rate': '0.0001433', 'epoch': '0.2842'}
{'loss': '8.401', 'grad_norm': '0.9845', 'learning_rate': '0.0001432', 'epoch': '0.2848'}
{'loss': '9.146', 'grad_norm': '1.364', 'learning_rate': '0.0001431', 'epoch': '0.2854'}
{'loss': '8.32', 'grad_norm': '1.428', 'learning_rate': '0.0001429', 'epoch': '0.286'}
{'loss': '9.406', 'grad_norm': '1.212', 'learning_rate': '0.0001428', 'epoch': '0.2866'}
{'loss': '9.033', 'grad_norm': '0.8086', 'learning_rate': '0.0001427', 'epoch': '0.2872'}
{'loss': '8.936', 'grad_norm': '0.9124', 'learning_rate': '0.0001426', 'epoch': '0.2878'}
{'loss': '7.856', 'grad_norm': '1.226', 'learning_rate': '0.0001425', 'epoch': '0.2884'}
{'loss': '9.168', 'grad_norm': '1.436', 'learning_rate': '0.0001423', 'epoch': '0.289'}
{'loss': '9.984', 'grad_norm': '1.097', 'learning_rate': '0.0001422', 'epoch': '0.2896'}
{'loss': '8.055', 'grad_norm': '1.198', 'learning_rate': '0.0001421', 'epoch': '0.2902'}
{'loss': '10.17', 'grad_norm': '1.232', 'learning_rate': '0.000142', 'epoch': '0.2908'}
{'loss': '8.877', 'grad_norm': '0.8969', 'learning_rate': '0.0001419', 'epoch': '0.2914'}
{'loss': '8.602', 'grad_norm': '1.186', 'learning_rate': '0.0001417', 'epoch': '0.2921'}
{'loss': '8.656', 'grad_norm': '1.108', 'learning_rate': '0.0001416', 'epoch': '0.2927'}
{'loss': '7.74', 'grad_norm': '1.199', 'learning_rate': '0.0001415', 'epoch': '0.2933'}
{'loss': '8.129', 'grad_norm': '1.401', 'learning_rate': '0.0001414', 'epoch': '0.2939'}
{'loss': '7.561', 'grad_norm': '1.069', 'learning_rate': '0.0001413', 'epoch': '0.2945'}
{'loss': '8.23', 'grad_norm': '1.013', 'learning_rate': '0.0001411', 'epoch': '0.2951'}
{'loss': '10.37', 'grad_norm': '1.124', 'learning_rate': '0.000141', 'epoch': '0.2957'}
{'loss': '9.199', 'grad_norm': '1.139', 'learning_rate': '0.0001409', 'epoch': '0.2963'}
{'loss': '8', 'grad_norm': '1.031', 'learning_rate': '0.0001408', 'epoch': '0.2969'}
{'loss': '7.685', 'grad_norm': '0.9624', 'learning_rate': '0.0001407', 'epoch': '0.2975'}
{'loss': '8.517', 'grad_norm': '1.158', 'learning_rate': '0.0001405', 'epoch': '0.2981'}
{'loss': '9.401', 'grad_norm': '0.9818', 'learning_rate': '0.0001404', 'epoch': '0.2987'}
{'loss': '7.864', 'grad_norm': '1.116', 'learning_rate': '0.0001403', 'epoch': '0.2993'}
{'loss': '7.762', 'grad_norm': '0.9408', 'learning_rate': '0.0001402', 'epoch': '0.2999'}
{'loss': '8.845', 'grad_norm': '1.125', 'learning_rate': '0.00014', 'epoch': '0.3005'}
{'loss': '8.205', 'grad_norm': '1.152', 'learning_rate': '0.0001399', 'epoch': '0.3011'}
{'loss': '8.902', 'grad_norm': '1.049', 'learning_rate': '0.0001398', 'epoch': '0.3017'}
{'loss': '9.67', 'grad_norm': '1.071', 'learning_rate': '0.0001397', 'epoch': '0.3023'}
{'loss': '9.349', 'grad_norm': '1.035', 'learning_rate': '0.0001396', 'epoch': '0.3029'}
{'loss': '6.913', 'grad_norm': '0.9145', 'learning_rate': '0.0001394', 'epoch': '0.3035'}
{'loss': '7.515', 'grad_norm': '1.143', 'learning_rate': '0.0001393', 'epoch': '0.3041'}
{'loss': '7.857', 'grad_norm': '0.9666', 'learning_rate': '0.0001392', 'epoch': '0.3047'}
{'loss': '10.47', 'grad_norm': '0.9671', 'learning_rate': '0.0001391', 'epoch': '0.3053'}
{'loss': '8.22', 'grad_norm': '1.001', 'learning_rate': '0.000139', 'epoch': '0.3059'}
{'loss': '8.562', 'grad_norm': '1.408', 'learning_rate': '0.0001388', 'epoch': '0.3065'}
{'loss': '8.299', 'grad_norm': '1.177', 'learning_rate': '0.0001387', 'epoch': '0.3071'}
{'loss': '9.41', 'grad_norm': '1.308', 'learning_rate': '0.0001386', 'epoch': '0.3077'}
{'loss': '7.771', 'grad_norm': '1.221', 'learning_rate': '0.0001385', 'epoch': '0.3083'}
{'loss': '9.168', 'grad_norm': '1.086', 'learning_rate': '0.0001384', 'epoch': '0.3089'}
{'loss': '9.66', 'grad_norm': '1.252', 'learning_rate': '0.0001382', 'epoch': '0.3095'}
{'loss': '9.77', 'grad_norm': '1.212', 'learning_rate': '0.0001381', 'epoch': '0.3102'}
{'loss': '8.661', 'grad_norm': '0.9874', 'learning_rate': '0.000138', 'epoch': '0.3108'}
{'loss': '7.72', 'grad_norm': '0.987', 'learning_rate': '0.0001379', 'epoch': '0.3114'}
{'loss': '8.875', 'grad_norm': '1.13', 'learning_rate': '0.0001378', 'epoch': '0.312'}
{'loss': '8.405', 'grad_norm': '1.07', 'learning_rate': '0.0001376', 'epoch': '0.3126'}
{'loss': '8.871', 'grad_norm': '1.022', 'learning_rate': '0.0001375', 'epoch': '0.3132'}
{'loss': '8.46', 'grad_norm': '1.229', 'learning_rate': '0.0001374', 'epoch': '0.3138'}
{'loss': '8.066', 'grad_norm': '1.447', 'learning_rate': '0.0001373', 'epoch': '0.3144'}
{'loss': '9.418', 'grad_norm': '0.9235', 'learning_rate': '0.0001372', 'epoch': '0.315'}
{'loss': '10.26', 'grad_norm': '1.101', 'learning_rate': '0.000137', 'epoch': '0.3156'}
{'loss': '8.966', 'grad_norm': '1.283', 'learning_rate': '0.0001369', 'epoch': '0.3162'}
{'loss': '9.473', 'grad_norm': '1.08', 'learning_rate': '0.0001368', 'epoch': '0.3168'}
{'loss': '8.098', 'grad_norm': '1.153', 'learning_rate': '0.0001367', 'epoch': '0.3174'}
{'loss': '9.432', 'grad_norm': '1.126', 'learning_rate': '0.0001366', 'epoch': '0.318'}
{'loss': '8.716', 'grad_norm': '1.02', 'learning_rate': '0.0001364', 'epoch': '0.3186'}
{'loss': '7.523', 'grad_norm': '0.8759', 'learning_rate': '0.0001363', 'epoch': '0.3192'}
{'loss': '9.521', 'grad_norm': '1.263', 'learning_rate': '0.0001362', 'epoch': '0.3198'}
{'loss': '8.182', 'grad_norm': '1.186', 'learning_rate': '0.0001361', 'epoch': '0.3204'}
{'loss': '8.447', 'grad_norm': '0.9829', 'learning_rate': '0.0001359', 'epoch': '0.321'}
{'loss': '8.891', 'grad_norm': '1.007', 'learning_rate': '0.0001358', 'epoch': '0.3216'}
{'loss': '7.817', 'grad_norm': '1.269', 'learning_rate': '0.0001357', 'epoch': '0.3222'}
{'loss': '8.539', 'grad_norm': '1.1', 'learning_rate': '0.0001356', 'epoch': '0.3228'}
{'loss': '9.071', 'grad_norm': '0.9196', 'learning_rate': '0.0001355', 'epoch': '0.3234'}
{'loss': '9.048', 'grad_norm': '1.096', 'learning_rate': '0.0001353', 'epoch': '0.324'}
{'loss': '8.669', 'grad_norm': '1.131', 'learning_rate': '0.0001352', 'epoch': '0.3246'}
{'loss': '10.19', 'grad_norm': '1.185', 'learning_rate': '0.0001351', 'epoch': '0.3252'}
{'loss': '8.564', 'grad_norm': '1.314', 'learning_rate': '0.000135', 'epoch': '0.3258'}
{'loss': '8.688', 'grad_norm': '1.124', 'learning_rate': '0.0001349', 'epoch': '0.3264'}
{'loss': '7.956', 'grad_norm': '0.9242', 'learning_rate': '0.0001347', 'epoch': '0.327'}
{'loss': '8.64', 'grad_norm': '1.154', 'learning_rate': '0.0001346', 'epoch': '0.3277'}
{'loss': '8.82', 'grad_norm': '1.098', 'learning_rate': '0.0001345', 'epoch': '0.3283'}
{'loss': '8.705', 'grad_norm': '0.8595', 'learning_rate': '0.0001344', 'epoch': '0.3289'}
{'loss': '8.158', 'grad_norm': '1.323', 'learning_rate': '0.0001343', 'epoch': '0.3295'}
{'loss': '9.512', 'grad_norm': '0.9402', 'learning_rate': '0.0001341', 'epoch': '0.3301'}
{'loss': '8.684', 'grad_norm': '1.103', 'learning_rate': '0.000134', 'epoch': '0.3307'}
{'loss': '9.262', 'grad_norm': '1.096', 'learning_rate': '0.0001339', 'epoch': '0.3313'}
{'loss': '9.974', 'grad_norm': '1.261', 'learning_rate': '0.0001338', 'epoch': '0.3319'}
{'loss': '8.027', 'grad_norm': '1.043', 'learning_rate': '0.0001337', 'epoch': '0.3325'}
{'loss': '7.538', 'grad_norm': '1.194', 'learning_rate': '0.0001335', 'epoch': '0.3331'}
{'loss': '6.97', 'grad_norm': '0.955', 'learning_rate': '0.0001334', 'epoch': '0.3337'}
{'loss': '8.985', 'grad_norm': '1.074', 'learning_rate': '0.0001333', 'epoch': '0.3343'}
{'loss': '9.735', 'grad_norm': '1.088', 'learning_rate': '0.0001332', 'epoch': '0.3349'}
{'loss': '9.067', 'grad_norm': '1.082', 'learning_rate': '0.0001331', 'epoch': '0.3355'}
{'loss': '8.103', 'grad_norm': '1.134', 'learning_rate': '0.0001329', 'epoch': '0.3361'}
{'loss': '7.847', 'grad_norm': '1.565', 'learning_rate': '0.0001328', 'epoch': '0.3367'}
{'loss': '8.205', 'grad_norm': '1.135', 'learning_rate': '0.0001327', 'epoch': '0.3373'}
{'loss': '7.802', 'grad_norm': '1.587', 'learning_rate': '0.0001326', 'epoch': '0.3379'}
{'loss': '10.55', 'grad_norm': '1.164', 'learning_rate': '0.0001324', 'epoch': '0.3385'}
{'loss': '9.64', 'grad_norm': '1.074', 'learning_rate': '0.0001323', 'epoch': '0.3391'}
{'loss': '8.227', 'grad_norm': '0.9554', 'learning_rate': '0.0001322', 'epoch': '0.3397'}
{'loss': '9.539', 'grad_norm': '1.604', 'learning_rate': '0.0001321', 'epoch': '0.3403'}
{'loss': '6.597', 'grad_norm': '1.231', 'learning_rate': '0.000132', 'epoch': '0.3409'}
{'loss': '7.671', 'grad_norm': '1.102', 'learning_rate': '0.0001318', 'epoch': '0.3415'}
{'loss': '7.872', 'grad_norm': '1.036', 'learning_rate': '0.0001317', 'epoch': '0.3421'}
{'loss': '8.948', 'grad_norm': '1.147', 'learning_rate': '0.0001316', 'epoch': '0.3427'}
{'loss': '8.267', 'grad_norm': '1.101', 'learning_rate': '0.0001315', 'epoch': '0.3433'}
{'loss': '9.005', 'grad_norm': '1.112', 'learning_rate': '0.0001314', 'epoch': '0.3439'}
{'loss': '9.185', 'grad_norm': '1.033', 'learning_rate': '0.0001312', 'epoch': '0.3445'}
{'loss': '8.04', 'grad_norm': '0.978', 'learning_rate': '0.0001311', 'epoch': '0.3452'}
{'loss': '8.107', 'grad_norm': '1.049', 'learning_rate': '0.000131', 'epoch': '0.3458'}
{'loss': '8.124', 'grad_norm': '1.091', 'learning_rate': '0.0001309', 'epoch': '0.3464'}
{'loss': '9.492', 'grad_norm': '1.062', 'learning_rate': '0.0001308', 'epoch': '0.347'}
{'loss': '8.338', 'grad_norm': '1.115', 'learning_rate': '0.0001306', 'epoch': '0.3476'}
{'loss': '9.7', 'grad_norm': '1.088', 'learning_rate': '0.0001305', 'epoch': '0.3482'}
{'loss': '9.397', 'grad_norm': '1.057', 'learning_rate': '0.0001304', 'epoch': '0.3488'}
{'loss': '9.501', 'grad_norm': '0.9686', 'learning_rate': '0.0001303', 'epoch': '0.3494'}
{'loss': '8.414', 'grad_norm': '1.375', 'learning_rate': '0.0001302', 'epoch': '0.35'}
{'loss': '9.622', 'grad_norm': '1.175', 'learning_rate': '0.00013', 'epoch': '0.3506'}
{'loss': '9.129', 'grad_norm': '1.236', 'learning_rate': '0.0001299', 'epoch': '0.3512'}
{'loss': '9.433', 'grad_norm': '1.429', 'learning_rate': '0.0001298', 'epoch': '0.3518'}
{'loss': '9.841', 'grad_norm': '1.334', 'learning_rate': '0.0001297', 'epoch': '0.3524'}
{'loss': '6.863', 'grad_norm': '1.165', 'learning_rate': '0.0001296', 'epoch': '0.353'}
{'loss': '9.954', 'grad_norm': '0.9339', 'learning_rate': '0.0001294', 'epoch': '0.3536'}
{'loss': '8.039', 'grad_norm': '1.084', 'learning_rate': '0.0001293', 'epoch': '0.3542'}
{'loss': '8.022', 'grad_norm': '0.8234', 'learning_rate': '0.0001292', 'epoch': '0.3548'}
{'loss': '9.405', 'grad_norm': '1.139', 'learning_rate': '0.0001291', 'epoch': '0.3554'}
{'loss': '10.29', 'grad_norm': '1.171', 'learning_rate': '0.000129', 'epoch': '0.356'}
{'loss': '8.776', 'grad_norm': '0.9361', 'learning_rate': '0.0001288', 'epoch': '0.3566'}
{'loss': '10.7', 'grad_norm': '1.298', 'learning_rate': '0.0001287', 'epoch': '0.3572'}
{'loss': '9.229', 'grad_norm': '1.04', 'learning_rate': '0.0001286', 'epoch': '0.3578'}
{'loss': '9.106', 'grad_norm': '1.214', 'learning_rate': '0.0001285', 'epoch': '0.3584'}
{'loss': '6.451', 'grad_norm': '1.004', 'learning_rate': '0.0001283', 'epoch': '0.359'}
{'loss': '8.41', 'grad_norm': '1.04', 'learning_rate': '0.0001282', 'epoch': '0.3596'}
{'loss': '8.665', 'grad_norm': '1.312', 'learning_rate': '0.0001281', 'epoch': '0.3602'}
{'loss': '6.909', 'grad_norm': '1.133', 'learning_rate': '0.000128', 'epoch': '0.3608'}
{'loss': '9.31', 'grad_norm': '1.084', 'learning_rate': '0.0001279', 'epoch': '0.3614'}
{'loss': '9.065', 'grad_norm': '1.061', 'learning_rate': '0.0001277', 'epoch': '0.362'}
{'loss': '6.94', 'grad_norm': '1.104', 'learning_rate': '0.0001276', 'epoch': '0.3626'}
{'loss': '7.73', 'grad_norm': '1.056', 'learning_rate': '0.0001275', 'epoch': '0.3633'}
{'loss': '9.654', 'grad_norm': '1.083', 'learning_rate': '0.0001274', 'epoch': '0.3639'}
{'loss': '9.778', 'grad_norm': '1.177', 'learning_rate': '0.0001273', 'epoch': '0.3645'}
{'loss': '8.471', 'grad_norm': '1.188', 'learning_rate': '0.0001271', 'epoch': '0.3651'}
{'loss': '8.848', 'grad_norm': '0.8115', 'learning_rate': '0.000127', 'epoch': '0.3657'}
{'loss': '8.381', 'grad_norm': '1.117', 'learning_rate': '0.0001269', 'epoch': '0.3663'}
{'loss': '9.48', 'grad_norm': '1.232', 'learning_rate': '0.0001268', 'epoch': '0.3669'}
{'loss': '8.256', 'grad_norm': '1.236', 'learning_rate': '0.0001267', 'epoch': '0.3675'}
{'loss': '9.69', 'grad_norm': '0.961', 'learning_rate': '0.0001265', 'epoch': '0.3681'}
{'loss': '10.38', 'grad_norm': '1.784', 'learning_rate': '0.0001264', 'epoch': '0.3687'}
{'loss': '8.812', 'grad_norm': '1.138', 'learning_rate': '0.0001263', 'epoch': '0.3693'}
{'loss': '7.822', 'grad_norm': '1.045', 'learning_rate': '0.0001262', 'epoch': '0.3699'}
{'loss': '7.806', 'grad_norm': '0.9882', 'learning_rate': '0.0001261', 'epoch': '0.3705'}
{'loss': '8.323', 'grad_norm': '0.9592', 'learning_rate': '0.0001259', 'epoch': '0.3711'}
{'loss': '8.703', 'grad_norm': '1.027', 'learning_rate': '0.0001258', 'epoch': '0.3717'}
{'loss': '8.761', 'grad_norm': '1.139', 'learning_rate': '0.0001257', 'epoch': '0.3723'}
{'loss': '8.012', 'grad_norm': '1.075', 'learning_rate': '0.0001256', 'epoch': '0.3729'}
{'loss': '7.44', 'grad_norm': '2.189', 'learning_rate': '0.0001255', 'epoch': '0.3735'}
{'loss': '9.676', 'grad_norm': '1.006', 'learning_rate': '0.0001253', 'epoch': '0.3741'}
{'loss': '8.06', 'grad_norm': '1.082', 'learning_rate': '0.0001252', 'epoch': '0.3747'}
{'loss': '7.185', 'grad_norm': '0.9529', 'learning_rate': '0.0001251', 'epoch': '0.3753'}
{'loss': '8.453', 'grad_norm': '1.094', 'learning_rate': '0.000125', 'epoch': '0.3759'}
{'loss': '9.864', 'grad_norm': '1.284', 'learning_rate': '0.0001248', 'epoch': '0.3765'}
{'loss': '9.862', 'grad_norm': '1.517', 'learning_rate': '0.0001247', 'epoch': '0.3771'}
{'loss': '9.847', 'grad_norm': '1.003', 'learning_rate': '0.0001246', 'epoch': '0.3777'}
{'loss': '9.956', 'grad_norm': '1.142', 'learning_rate': '0.0001245', 'epoch': '0.3783'}
{'loss': '9.263', 'grad_norm': '1.033', 'learning_rate': '0.0001244', 'epoch': '0.3789'}
{'loss': '9.464', 'grad_norm': '1.292', 'learning_rate': '0.0001242', 'epoch': '0.3795'}
{'loss': '9.844', 'grad_norm': '2.047', 'learning_rate': '0.0001241', 'epoch': '0.3801'}
{'loss': '8.22', 'grad_norm': '1.395', 'learning_rate': '0.000124', 'epoch': '0.3808'}
{'loss': '8.531', 'grad_norm': '1.079', 'learning_rate': '0.0001239', 'epoch': '0.3814'}
{'loss': '9.808', 'grad_norm': '1.148', 'learning_rate': '0.0001238', 'epoch': '0.382'}
{'loss': '7.424', 'grad_norm': '0.9494', 'learning_rate': '0.0001236', 'epoch': '0.3826'}
{'loss': '9.477', 'grad_norm': '1.324', 'learning_rate': '0.0001235', 'epoch': '0.3832'}
{'loss': '9.86', 'grad_norm': '1.112', 'learning_rate': '0.0001234', 'epoch': '0.3838'}
{'loss': '7.136', 'grad_norm': '1.013', 'learning_rate': '0.0001233', 'epoch': '0.3844'}
{'loss': '7.515', 'grad_norm': '1.047', 'learning_rate': '0.0001232', 'epoch': '0.385'}
{'loss': '8.726', 'grad_norm': '1.15', 'learning_rate': '0.000123', 'epoch': '0.3856'}
{'loss': '7.963', 'grad_norm': '1.062', 'learning_rate': '0.0001229', 'epoch': '0.3862'}
{'loss': '8.956', 'grad_norm': '0.971', 'learning_rate': '0.0001228', 'epoch': '0.3868'}
{'loss': '6.646', 'grad_norm': '0.9076', 'learning_rate': '0.0001227', 'epoch': '0.3874'}
{'loss': '8.592', 'grad_norm': '1.14', 'learning_rate': '0.0001226', 'epoch': '0.388'}
{'loss': '9.229', 'grad_norm': '0.9911', 'learning_rate': '0.0001224', 'epoch': '0.3886'}
{'loss': '9.401', 'grad_norm': '1.107', 'learning_rate': '0.0001223', 'epoch': '0.3892'}
{'loss': '10.04', 'grad_norm': '2.094', 'learning_rate': '0.0001222', 'epoch': '0.3898'}
{'loss': '9.046', 'grad_norm': '1.019', 'learning_rate': '0.0001221', 'epoch': '0.3904'}
{'loss': '8.4', 'grad_norm': '1.018', 'learning_rate': '0.000122', 'epoch': '0.391'}
{'loss': '8.485', 'grad_norm': '0.9712', 'learning_rate': '0.0001218', 'epoch': '0.3916'}
{'loss': '8.88', 'grad_norm': '1.214', 'learning_rate': '0.0001217', 'epoch': '0.3922'}
{'loss': '9.47', 'grad_norm': '1.201', 'learning_rate': '0.0001216', 'epoch': '0.3928'}
{'loss': '8.797', 'grad_norm': '1.322', 'learning_rate': '0.0001215', 'epoch': '0.3934'}
{'loss': '7.914', 'grad_norm': '0.9066', 'learning_rate': '0.0001214', 'epoch': '0.394'}
{'loss': '8.45', 'grad_norm': '1.186', 'learning_rate': '0.0001212', 'epoch': '0.3946'}
{'loss': '9.697', 'grad_norm': '0.9954', 'learning_rate': '0.0001211', 'epoch': '0.3952'}
{'loss': '9.85', 'grad_norm': '1.186', 'learning_rate': '0.000121', 'epoch': '0.3958'}
{'loss': '8.773', 'grad_norm': '1.304', 'learning_rate': '0.0001209', 'epoch': '0.3964'}
{'loss': '9.277', 'grad_norm': '1.007', 'learning_rate': '0.0001207', 'epoch': '0.397'}
{'loss': '7.162', 'grad_norm': '1.201', 'learning_rate': '0.0001206', 'epoch': '0.3976'}
{'loss': '7.438', 'grad_norm': '1.375', 'learning_rate': '0.0001205', 'epoch': '0.3983'}
{'loss': '7.491', 'grad_norm': '1.133', 'learning_rate': '0.0001204', 'epoch': '0.3989'}
{'loss': '8.203', 'grad_norm': '1.401', 'learning_rate': '0.0001203', 'epoch': '0.3995'}
{'loss': '8.517', 'grad_norm': '1.259', 'learning_rate': '0.0001201', 'epoch': '0.4001'}
{'loss': '7.403', 'grad_norm': '0.8864', 'learning_rate': '0.00012', 'epoch': '0.4007'}
{'loss': '10.21', 'grad_norm': '1.261', 'learning_rate': '0.0001199', 'epoch': '0.4013'}
{'loss': '8.338', 'grad_norm': '1.238', 'learning_rate': '0.0001198', 'epoch': '0.4019'}
{'loss': '6.671', 'grad_norm': '0.9772', 'learning_rate': '0.0001197', 'epoch': '0.4025'}
{'loss': '9.028', 'grad_norm': '0.9533', 'learning_rate': '0.0001195', 'epoch': '0.4031'}
{'loss': '9.662', 'grad_norm': '1.175', 'learning_rate': '0.0001194', 'epoch': '0.4037'}
{'loss': '8.203', 'grad_norm': '1.078', 'learning_rate': '0.0001193', 'epoch': '0.4043'}
{'loss': '8.326', 'grad_norm': '1.102', 'learning_rate': '0.0001192', 'epoch': '0.4049'}
{'loss': '7.96', 'grad_norm': '1.064', 'learning_rate': '0.0001191', 'epoch': '0.4055'}
{'loss': '8.653', 'grad_norm': '1.527', 'learning_rate': '0.0001189', 'epoch': '0.4061'}
{'loss': '7.862', 'grad_norm': '1.04', 'learning_rate': '0.0001188', 'epoch': '0.4067'}
{'loss': '8.183', 'grad_norm': '1.025', 'learning_rate': '0.0001187', 'epoch': '0.4073'}
{'loss': '8.098', 'grad_norm': '1.379', 'learning_rate': '0.0001186', 'epoch': '0.4079'}
{'loss': '10.54', 'grad_norm': '0.9947', 'learning_rate': '0.0001185', 'epoch': '0.4085'}
{'loss': '7.388', 'grad_norm': '0.9231', 'learning_rate': '0.0001183', 'epoch': '0.4091'}
{'loss': '9.045', 'grad_norm': '1.524', 'learning_rate': '0.0001182', 'epoch': '0.4097'}
{'loss': '9.024', 'grad_norm': '1.166', 'learning_rate': '0.0001181', 'epoch': '0.4103'}
{'loss': '7.966', 'grad_norm': '0.8642', 'learning_rate': '0.000118', 'epoch': '0.4109'}
{'loss': '8.238', 'grad_norm': '1.03', 'learning_rate': '0.0001179', 'epoch': '0.4115'}
{'loss': '8.769', 'grad_norm': '1.163', 'learning_rate': '0.0001177', 'epoch': '0.4121'}
{'loss': '9.092', 'grad_norm': '1.056', 'learning_rate': '0.0001176', 'epoch': '0.4127'}
{'loss': '9.772', 'grad_norm': '1.027', 'learning_rate': '0.0001175', 'epoch': '0.4133'}
{'loss': '11.05', 'grad_norm': '1.192', 'learning_rate': '0.0001174', 'epoch': '0.4139'}
{'loss': '6.077', 'grad_norm': '1.104', 'learning_rate': '0.0001172', 'epoch': '0.4145'}
{'loss': '9.097', 'grad_norm': '1.337', 'learning_rate': '0.0001171', 'epoch': '0.4151'}
{'loss': '8.145', 'grad_norm': '1.513', 'learning_rate': '0.000117', 'epoch': '0.4157'}
{'loss': '8.981', 'grad_norm': '0.9569', 'learning_rate': '0.0001169', 'epoch': '0.4164'}
{'loss': '8.517', 'grad_norm': '1.023', 'learning_rate': '0.0001168', 'epoch': '0.417'}
{'loss': '8.467', 'grad_norm': '0.9829', 'learning_rate': '0.0001166', 'epoch': '0.4176'}
{'loss': '8.074', 'grad_norm': '1.056', 'learning_rate': '0.0001165', 'epoch': '0.4182'}
{'loss': '8.333', 'grad_norm': '3.037', 'learning_rate': '0.0001164', 'epoch': '0.4188'}
{'loss': '8.827', 'grad_norm': '1.25', 'learning_rate': '0.0001163', 'epoch': '0.4194'}
{'loss': '7.68', 'grad_norm': '1.11', 'learning_rate': '0.0001162', 'epoch': '0.42'}
{'loss': '9.633', 'grad_norm': '1.307', 'learning_rate': '0.000116', 'epoch': '0.4206'}
{'loss': '7.673', 'grad_norm': '0.8655', 'learning_rate': '0.0001159', 'epoch': '0.4212'}
{'loss': '8.274', 'grad_norm': '1.521', 'learning_rate': '0.0001158', 'epoch': '0.4218'}
{'loss': '8.554', 'grad_norm': '1.262', 'learning_rate': '0.0001157', 'epoch': '0.4224'}
{'loss': '8.363', 'grad_norm': '1.79', 'learning_rate': '0.0001156', 'epoch': '0.423'}
{'loss': '7.046', 'grad_norm': '1.075', 'learning_rate': '0.0001154', 'epoch': '0.4236'}
{'loss': '7.688', 'grad_norm': '1.191', 'learning_rate': '0.0001153', 'epoch': '0.4242'}
{'loss': '9.188', 'grad_norm': '1.075', 'learning_rate': '0.0001152', 'epoch': '0.4248'}
{'loss': '9.107', 'grad_norm': '0.727', 'learning_rate': '0.0001151', 'epoch': '0.4254'}
{'loss': '8.751', 'grad_norm': '1.032', 'learning_rate': '0.000115', 'epoch': '0.426'}
{'loss': '8.837', 'grad_norm': '0.9812', 'learning_rate': '0.0001148', 'epoch': '0.4266'}
{'loss': '9.273', 'grad_norm': '1.086', 'learning_rate': '0.0001147', 'epoch': '0.4272'}
{'loss': '8.908', 'grad_norm': '1.448', 'learning_rate': '0.0001146', 'epoch': '0.4278'}
{'loss': '7.772', 'grad_norm': '1.13', 'learning_rate': '0.0001145', 'epoch': '0.4284'}
{'loss': '8.374', 'grad_norm': '1.221', 'learning_rate': '0.0001144', 'epoch': '0.429'}
{'loss': '6.914', 'grad_norm': '1.217', 'learning_rate': '0.0001142', 'epoch': '0.4296'}
{'loss': '8.804', 'grad_norm': '1.016', 'learning_rate': '0.0001141', 'epoch': '0.4302'}
{'loss': '7.351', 'grad_norm': '0.8035', 'learning_rate': '0.000114', 'epoch': '0.4308'}
{'loss': '7.921', 'grad_norm': '1.127', 'learning_rate': '0.0001139', 'epoch': '0.4314'}
{'loss': '8.746', 'grad_norm': '1.013', 'learning_rate': '0.0001138', 'epoch': '0.432'}
{'loss': '9.428', 'grad_norm': '1.21', 'learning_rate': '0.0001136', 'epoch': '0.4326'}
{'loss': '7.509', 'grad_norm': '1.155', 'learning_rate': '0.0001135', 'epoch': '0.4332'}
{'loss': '8.61', 'grad_norm': '1.393', 'learning_rate': '0.0001134', 'epoch': '0.4339'}
{'loss': '9.944', 'grad_norm': '0.8135', 'learning_rate': '0.0001133', 'epoch': '0.4345'}
{'loss': '7.878', 'grad_norm': '1.111', 'learning_rate': '0.0001131', 'epoch': '0.4351'}
{'loss': '8.026', 'grad_norm': '0.9401', 'learning_rate': '0.000113', 'epoch': '0.4357'}
{'loss': '10.34', 'grad_norm': '1.479', 'learning_rate': '0.0001129', 'epoch': '0.4363'}
{'loss': '9.155', 'grad_norm': '1.187', 'learning_rate': '0.0001128', 'epoch': '0.4369'}
{'loss': '8.737', 'grad_norm': '0.9494', 'learning_rate': '0.0001127', 'epoch': '0.4375'}
{'loss': '9.869', 'grad_norm': '1.177', 'learning_rate': '0.0001125', 'epoch': '0.4381'}
{'loss': '8.936', 'grad_norm': '1.421', 'learning_rate': '0.0001124', 'epoch': '0.4387'}
{'loss': '8.466', 'grad_norm': '0.8739', 'learning_rate': '0.0001123', 'epoch': '0.4393'}
{'loss': '8.758', 'grad_norm': '1.448', 'learning_rate': '0.0001122', 'epoch': '0.4399'}
{'loss': '8.079', 'grad_norm': '1.246', 'learning_rate': '0.0001121', 'epoch': '0.4405'}
{'loss': '7.87', 'grad_norm': '1.002', 'learning_rate': '0.0001119', 'epoch': '0.4411'}
{'loss': '10.37', 'grad_norm': '1.096', 'learning_rate': '0.0001118', 'epoch': '0.4417'}
{'loss': '7.683', 'grad_norm': '1.246', 'learning_rate': '0.0001117', 'epoch': '0.4423'}
{'loss': '8.687', 'grad_norm': '0.9434', 'learning_rate': '0.0001116', 'epoch': '0.4429'}
{'loss': '11.74', 'grad_norm': '1.125', 'learning_rate': '0.0001115', 'epoch': '0.4435'}
{'loss': '8.075', 'grad_norm': '1.364', 'learning_rate': '0.0001113', 'epoch': '0.4441'}
{'loss': '8.33', 'grad_norm': '1.073', 'learning_rate': '0.0001112', 'epoch': '0.4447'}
{'loss': '8.219', 'grad_norm': '1.012', 'learning_rate': '0.0001111', 'epoch': '0.4453'}
{'loss': '8.449', 'grad_norm': '1.067', 'learning_rate': '0.000111', 'epoch': '0.4459'}
{'loss': '9.433', 'grad_norm': '1.307', 'learning_rate': '0.0001109', 'epoch': '0.4465'}
{'loss': '8.707', 'grad_norm': '1.104', 'learning_rate': '0.0001107', 'epoch': '0.4471'}
{'loss': '9.789', 'grad_norm': '0.9167', 'learning_rate': '0.0001106', 'epoch': '0.4477'}
{'loss': '9.132', 'grad_norm': '1.283', 'learning_rate': '0.0001105', 'epoch': '0.4483'}
{'loss': '8.779', 'grad_norm': '1.149', 'learning_rate': '0.0001104', 'epoch': '0.4489'}
{'loss': '7.887', 'grad_norm': '0.8676', 'learning_rate': '0.0001103', 'epoch': '0.4495'}
{'loss': '8.433', 'grad_norm': '1.247', 'learning_rate': '0.0001101', 'epoch': '0.4501'}
{'loss': '8.116', 'grad_norm': '0.9532', 'learning_rate': '0.00011', 'epoch': '0.4507'}
{'loss': '8.988', 'grad_norm': '0.8285', 'learning_rate': '0.0001099', 'epoch': '0.4514'}
{'loss': '9.513', 'grad_norm': '0.9509', 'learning_rate': '0.0001098', 'epoch': '0.452'}
{'loss': '9.418', 'grad_norm': '0.9265', 'learning_rate': '0.0001097', 'epoch': '0.4526'}
{'loss': '9.637', 'grad_norm': '1.154', 'learning_rate': '0.0001095', 'epoch': '0.4532'}
{'loss': '8.877', 'grad_norm': '1.158', 'learning_rate': '0.0001094', 'epoch': '0.4538'}
{'loss': '9.416', 'grad_norm': '1.032', 'learning_rate': '0.0001093', 'epoch': '0.4544'}
{'loss': '9.423', 'grad_norm': '1.13', 'learning_rate': '0.0001092', 'epoch': '0.455'}
{'loss': '7.288', 'grad_norm': '1.06', 'learning_rate': '0.000109', 'epoch': '0.4556'}
{'loss': '8.258', 'grad_norm': '0.986', 'learning_rate': '0.0001089', 'epoch': '0.4562'}
{'loss': '8.857', 'grad_norm': '1.244', 'learning_rate': '0.0001088', 'epoch': '0.4568'}
{'loss': '8.441', 'grad_norm': '0.9164', 'learning_rate': '0.0001087', 'epoch': '0.4574'}
{'loss': '9.028', 'grad_norm': '1.171', 'learning_rate': '0.0001086', 'epoch': '0.458'}
{'loss': '9.836', 'grad_norm': '1.101', 'learning_rate': '0.0001084', 'epoch': '0.4586'}
{'loss': '8.085', 'grad_norm': '0.8387', 'learning_rate': '0.0001083', 'epoch': '0.4592'}
{'loss': '7.946', 'grad_norm': '2.16', 'learning_rate': '0.0001082', 'epoch': '0.4598'}
{'loss': '7.665', 'grad_norm': '1.61', 'learning_rate': '0.0001081', 'epoch': '0.4604'}
{'loss': '10.55', 'grad_norm': '0.9757', 'learning_rate': '0.000108', 'epoch': '0.461'}
{'loss': '9.919', 'grad_norm': '1.146', 'learning_rate': '0.0001078', 'epoch': '0.4616'}
{'loss': '9.131', 'grad_norm': '1.365', 'learning_rate': '0.0001077', 'epoch': '0.4622'}
{'loss': '8.509', 'grad_norm': '1.023', 'learning_rate': '0.0001076', 'epoch': '0.4628'}
{'loss': '8.207', 'grad_norm': '1.181', 'learning_rate': '0.0001075', 'epoch': '0.4634'}
{'loss': '7.722', 'grad_norm': '0.9913', 'learning_rate': '0.0001074', 'epoch': '0.464'}
{'loss': '10.05', 'grad_norm': '1.222', 'learning_rate': '0.0001072', 'epoch': '0.4646'}
{'loss': '7.242', 'grad_norm': '1.034', 'learning_rate': '0.0001071', 'epoch': '0.4652'}
{'loss': '8.764', 'grad_norm': '0.9132', 'learning_rate': '0.000107', 'epoch': '0.4658'}
{'loss': '8.395', 'grad_norm': '0.9412', 'learning_rate': '0.0001069', 'epoch': '0.4664'}
{'loss': '7.855', 'grad_norm': '1.015', 'learning_rate': '0.0001068', 'epoch': '0.467'}
{'loss': '8.082', 'grad_norm': '1.279', 'learning_rate': '0.0001066', 'epoch': '0.4676'}
{'loss': '10.33', 'grad_norm': '1.127', 'learning_rate': '0.0001065', 'epoch': '0.4682'}
{'loss': '8.055', 'grad_norm': '0.8656', 'learning_rate': '0.0001064', 'epoch': '0.4688'}
{'loss': '8.422', 'grad_norm': '1.35', 'learning_rate': '0.0001063', 'epoch': '0.4695'}
{'loss': '9.262', 'grad_norm': '1.135', 'learning_rate': '0.0001062', 'epoch': '0.4701'}
{'loss': '9.487', 'grad_norm': '0.9618', 'learning_rate': '0.000106', 'epoch': '0.4707'}
{'loss': '8.244', 'grad_norm': '0.9112', 'learning_rate': '0.0001059', 'epoch': '0.4713'}
{'loss': '9.142', 'grad_norm': '0.8261', 'learning_rate': '0.0001058', 'epoch': '0.4719'}
{'loss': '7.803', 'grad_norm': '1.478', 'learning_rate': '0.0001057', 'epoch': '0.4725'}
{'loss': '9.393', 'grad_norm': '1.149', 'learning_rate': '0.0001055', 'epoch': '0.4731'}
{'loss': '7.459', 'grad_norm': '0.988', 'learning_rate': '0.0001054', 'epoch': '0.4737'}
{'loss': '8.255', 'grad_norm': '1.188', 'learning_rate': '0.0001053', 'epoch': '0.4743'}
{'loss': '8.975', 'grad_norm': '1.43', 'learning_rate': '0.0001052', 'epoch': '0.4749'}
{'loss': '7.853', 'grad_norm': '1.372', 'learning_rate': '0.0001051', 'epoch': '0.4755'}
{'loss': '7.631', 'grad_norm': '1.03', 'learning_rate': '0.0001049', 'epoch': '0.4761'}
{'loss': '7.062', 'grad_norm': '0.9616', 'learning_rate': '0.0001048', 'epoch': '0.4767'}
{'loss': '8.576', 'grad_norm': '1.309', 'learning_rate': '0.0001047', 'epoch': '0.4773'}
{'loss': '8.589', 'grad_norm': '1.198', 'learning_rate': '0.0001046', 'epoch': '0.4779'}
{'loss': '8.315', 'grad_norm': '0.8988', 'learning_rate': '0.0001045', 'epoch': '0.4785'}
{'loss': '7.918', 'grad_norm': '0.9238', 'learning_rate': '0.0001043', 'epoch': '0.4791'}
{'loss': '8.925', 'grad_norm': '0.9306', 'learning_rate': '0.0001042', 'epoch': '0.4797'}
{'loss': '8.9', 'grad_norm': '1.013', 'learning_rate': '0.0001041', 'epoch': '0.4803'}
{'loss': '8.889', 'grad_norm': '1.361', 'learning_rate': '0.000104', 'epoch': '0.4809'}
{'loss': '7.953', 'grad_norm': '0.9593', 'learning_rate': '0.0001039', 'epoch': '0.4815'}
{'loss': '7.138', 'grad_norm': '0.9866', 'learning_rate': '0.0001037', 'epoch': '0.4821'}
{'loss': '8.172', 'grad_norm': '1.105', 'learning_rate': '0.0001036', 'epoch': '0.4827'}
{'loss': '8.922', 'grad_norm': '1.026', 'learning_rate': '0.0001035', 'epoch': '0.4833'}
{'loss': '8.246', 'grad_norm': '1.103', 'learning_rate': '0.0001034', 'epoch': '0.4839'}
{'loss': '7.135', 'grad_norm': '0.9883', 'learning_rate': '0.0001033', 'epoch': '0.4845'}
{'loss': '9.75', 'grad_norm': '1.481', 'learning_rate': '0.0001031', 'epoch': '0.4851'}
{'loss': '9.428', 'grad_norm': '4.742', 'learning_rate': '0.000103', 'epoch': '0.4857'}
{'loss': '8.298', 'grad_norm': '0.8618', 'learning_rate': '0.0001029', 'epoch': '0.4863'}
{'loss': '7.459', 'grad_norm': '1.008', 'learning_rate': '0.0001028', 'epoch': '0.487'}
{'loss': '9.237', 'grad_norm': '1.083', 'learning_rate': '0.0001027', 'epoch': '0.4876'}
{'loss': '7.902', 'grad_norm': '1.263', 'learning_rate': '0.0001025', 'epoch': '0.4882'}
{'loss': '8.038', 'grad_norm': '1.12', 'learning_rate': '0.0001024', 'epoch': '0.4888'}
{'loss': '7.657', 'grad_norm': '1.569', 'learning_rate': '0.0001023', 'epoch': '0.4894'}
{'loss': '8.725', 'grad_norm': '1.173', 'learning_rate': '0.0001022', 'epoch': '0.49'}
{'loss': '7.302', 'grad_norm': '1.073', 'learning_rate': '0.0001021', 'epoch': '0.4906'}
{'loss': '7.905', 'grad_norm': '1.154', 'learning_rate': '0.0001019', 'epoch': '0.4912'}
{'loss': '8.111', 'grad_norm': '1.203', 'learning_rate': '0.0001018', 'epoch': '0.4918'}
{'loss': '8.019', 'grad_norm': '1.307', 'learning_rate': '0.0001017', 'epoch': '0.4924'}
{'loss': '9.295', 'grad_norm': '1.289', 'learning_rate': '0.0001016', 'epoch': '0.493'}
{'loss': '7.757', 'grad_norm': '1.231', 'learning_rate': '0.0001014', 'epoch': '0.4936'}
{'loss': '10.27', 'grad_norm': '1.162', 'learning_rate': '0.0001013', 'epoch': '0.4942'}
{'loss': '8.624', 'grad_norm': '1.236', 'learning_rate': '0.0001012', 'epoch': '0.4948'}
{'loss': '7.499', 'grad_norm': '1.338', 'learning_rate': '0.0001011', 'epoch': '0.4954'}
{'loss': '8.71', 'grad_norm': '1.02', 'learning_rate': '0.000101', 'epoch': '0.496'}
{'loss': '10.66', 'grad_norm': '1.012', 'learning_rate': '0.0001008', 'epoch': '0.4966'}
{'loss': '9.194', 'grad_norm': '1.037', 'learning_rate': '0.0001007', 'epoch': '0.4972'}
{'loss': '8.793', 'grad_norm': '1.167', 'learning_rate': '0.0001006', 'epoch': '0.4978'}
{'loss': '8.929', 'grad_norm': '2.333', 'learning_rate': '0.0001005', 'epoch': '0.4984'}
{'loss': '7.031', 'grad_norm': '1.152', 'learning_rate': '0.0001004', 'epoch': '0.499'}
{'loss': '7.719', 'grad_norm': '1.18', 'learning_rate': '0.0001002', 'epoch': '0.4996'}
{'loss': '8.066', 'grad_norm': '1.069', 'learning_rate': '0.0001001', 'epoch': '0.5002'}
{'loss': '10.01', 'grad_norm': '1.123', 'learning_rate': '0.0001', 'epoch': '0.5008'}
{'loss': '10.39', 'grad_norm': '1.246', 'learning_rate': '9.988e-05', 'epoch': '0.5014'}
{'loss': '8.355', 'grad_norm': '0.9664', 'learning_rate': '9.976e-05', 'epoch': '0.502'}
{'loss': '7.743', 'grad_norm': '1.244', 'learning_rate': '9.964e-05', 'epoch': '0.5026'}
{'loss': '8.03', 'grad_norm': '0.9953', 'learning_rate': '9.952e-05', 'epoch': '0.5032'}
{'loss': '8.448', 'grad_norm': '1.016', 'learning_rate': '9.94e-05', 'epoch': '0.5038'}
{'loss': '8.961', 'grad_norm': '1.13', 'learning_rate': '9.928e-05', 'epoch': '0.5045'}
{'loss': '8.491', 'grad_norm': '1.064', 'learning_rate': '9.916e-05', 'epoch': '0.5051'}
{'loss': '7.18', 'grad_norm': '0.998', 'learning_rate': '9.903e-05', 'epoch': '0.5057'}
{'loss': '9.425', 'grad_norm': '1.168', 'learning_rate': '9.891e-05', 'epoch': '0.5063'}
{'loss': '7.933', 'grad_norm': '0.9822', 'learning_rate': '9.879e-05', 'epoch': '0.5069'}
{'loss': '9.146', 'grad_norm': '1.084', 'learning_rate': '9.867e-05', 'epoch': '0.5075'}
{'loss': '9.519', 'grad_norm': '0.9582', 'learning_rate': '9.855e-05', 'epoch': '0.5081'}
{'loss': '8.895', 'grad_norm': '1.084', 'learning_rate': '9.843e-05', 'epoch': '0.5087'}
{'loss': '8.325', 'grad_norm': '1.195', 'learning_rate': '9.831e-05', 'epoch': '0.5093'}
{'loss': '7.879', 'grad_norm': '1.124', 'learning_rate': '9.819e-05', 'epoch': '0.5099'}
{'loss': '8.758', 'grad_norm': '1.084', 'learning_rate': '9.807e-05', 'epoch': '0.5105'}
{'loss': '8.201', 'grad_norm': '1.135', 'learning_rate': '9.795e-05', 'epoch': '0.5111'}
{'loss': '6.586', 'grad_norm': '1.337', 'learning_rate': '9.783e-05', 'epoch': '0.5117'}
{'loss': '11.42', 'grad_norm': '1.305', 'learning_rate': '9.771e-05', 'epoch': '0.5123'}
{'loss': '8.445', 'grad_norm': '1.028', 'learning_rate': '9.759e-05', 'epoch': '0.5129'}
{'loss': '8.021', 'grad_norm': '1.139', 'learning_rate': '9.747e-05', 'epoch': '0.5135'}
{'loss': '9.116', 'grad_norm': '1.328', 'learning_rate': '9.735e-05', 'epoch': '0.5141'}
{'loss': '7.952', 'grad_norm': '1.039', 'learning_rate': '9.723e-05', 'epoch': '0.5147'}
{'loss': '7.965', 'grad_norm': '0.8949', 'learning_rate': '9.71e-05', 'epoch': '0.5153'}
{'loss': '9.353', 'grad_norm': '1.33', 'learning_rate': '9.698e-05', 'epoch': '0.5159'}
{'loss': '7.836', 'grad_norm': '1.013', 'learning_rate': '9.686e-05', 'epoch': '0.5165'}
{'loss': '6.524', 'grad_norm': '1.529', 'learning_rate': '9.674e-05', 'epoch': '0.5171'}
{'loss': '9.158', 'grad_norm': '0.9839', 'learning_rate': '9.662e-05', 'epoch': '0.5177'}
{'loss': '9.176', 'grad_norm': '1.254', 'learning_rate': '9.65e-05', 'epoch': '0.5183'}
{'loss': '9.201', 'grad_norm': '2.064', 'learning_rate': '9.638e-05', 'epoch': '0.5189'}
{'loss': '9.488', 'grad_norm': '1.666', 'learning_rate': '9.626e-05', 'epoch': '0.5195'}
{'loss': '9.461', 'grad_norm': '0.9475', 'learning_rate': '9.614e-05', 'epoch': '0.5201'}
{'loss': '8.368', 'grad_norm': '1.122', 'learning_rate': '9.602e-05', 'epoch': '0.5207'}
{'loss': '8.746', 'grad_norm': '1.054', 'learning_rate': '9.59e-05', 'epoch': '0.5213'}
{'loss': '9.976', 'grad_norm': '1.197', 'learning_rate': '9.578e-05', 'epoch': '0.5219'}
{'loss': '8.193', 'grad_norm': '1.022', 'learning_rate': '9.566e-05', 'epoch': '0.5226'}
{'loss': '8.508', 'grad_norm': '2.39', 'learning_rate': '9.554e-05', 'epoch': '0.5232'}
{'loss': '10.42', 'grad_norm': '0.8894', 'learning_rate': '9.542e-05', 'epoch': '0.5238'}
{'loss': '7.793', 'grad_norm': '0.9842', 'learning_rate': '9.53e-05', 'epoch': '0.5244'}
{'loss': '10.02', 'grad_norm': '1.322', 'learning_rate': '9.517e-05', 'epoch': '0.525'}
{'loss': '8.021', 'grad_norm': '0.983', 'learning_rate': '9.505e-05', 'epoch': '0.5256'}
{'loss': '9.099', 'grad_norm': '0.7936', 'learning_rate': '9.493e-05', 'epoch': '0.5262'}
{'loss': '7.679', 'grad_norm': '1.058', 'learning_rate': '9.481e-05', 'epoch': '0.5268'}
{'loss': '8.721', 'grad_norm': '0.9034', 'learning_rate': '9.469e-05', 'epoch': '0.5274'}
{'loss': '8.039', 'grad_norm': '1.12', 'learning_rate': '9.457e-05', 'epoch': '0.528'}
{'loss': '8.458', 'grad_norm': '1.087', 'learning_rate': '9.445e-05', 'epoch': '0.5286'}
{'loss': '10.21', 'grad_norm': '1.412', 'learning_rate': '9.433e-05', 'epoch': '0.5292'}
{'loss': '9.033', 'grad_norm': '1.13', 'learning_rate': '9.421e-05', 'epoch': '0.5298'}
{'loss': '8.831', 'grad_norm': '0.9915', 'learning_rate': '9.409e-05', 'epoch': '0.5304'}
{'loss': '7.311', 'grad_norm': '1.03', 'learning_rate': '9.397e-05', 'epoch': '0.531'}
{'loss': '8.892', 'grad_norm': '1.244', 'learning_rate': '9.385e-05', 'epoch': '0.5316'}
{'loss': '7.963', 'grad_norm': '1.081', 'learning_rate': '9.373e-05', 'epoch': '0.5322'}
{'loss': '7.833', 'grad_norm': '1.018', 'learning_rate': '9.361e-05', 'epoch': '0.5328'}
{'loss': '8.889', 'grad_norm': '3.106', 'learning_rate': '9.349e-05', 'epoch': '0.5334'}
{'loss': '6.932', 'grad_norm': '1.147', 'learning_rate': '9.337e-05', 'epoch': '0.534'}
{'loss': '9.476', 'grad_norm': '1.186', 'learning_rate': '9.324e-05', 'epoch': '0.5346'}
{'loss': '9.441', 'grad_norm': '1.038', 'learning_rate': '9.312e-05', 'epoch': '0.5352'}
{'loss': '10.14', 'grad_norm': '1.008', 'learning_rate': '9.3e-05', 'epoch': '0.5358'}
{'loss': '8.458', 'grad_norm': '1.143', 'learning_rate': '9.288e-05', 'epoch': '0.5364'}
{'loss': '8.849', 'grad_norm': '1.139', 'learning_rate': '9.276e-05', 'epoch': '0.537'}
{'loss': '8.243', 'grad_norm': '1.129', 'learning_rate': '9.264e-05', 'epoch': '0.5376'}
{'loss': '9.158', 'grad_norm': '1.452', 'learning_rate': '9.252e-05', 'epoch': '0.5382'}
{'loss': '8.326', 'grad_norm': '1.105', 'learning_rate': '9.24e-05', 'epoch': '0.5388'}
{'loss': '6.985', 'grad_norm': '1.133', 'learning_rate': '9.228e-05', 'epoch': '0.5394'}
{'loss': '7.537', 'grad_norm': '1.027', 'learning_rate': '9.216e-05', 'epoch': '0.5401'}
{'loss': '10.29', 'grad_norm': '1.38', 'learning_rate': '9.204e-05', 'epoch': '0.5407'}
{'loss': '9.022', 'grad_norm': '1.137', 'learning_rate': '9.192e-05', 'epoch': '0.5413'}
{'loss': '10.33', 'grad_norm': '0.9743', 'learning_rate': '9.18e-05', 'epoch': '0.5419'}
{'loss': '9.318', 'grad_norm': '1.186', 'learning_rate': '9.168e-05', 'epoch': '0.5425'}
{'loss': '7.871', 'grad_norm': '0.835', 'learning_rate': '9.156e-05', 'epoch': '0.5431'}
{'loss': '9.62', 'grad_norm': '1.001', 'learning_rate': '9.144e-05', 'epoch': '0.5437'}
{'loss': '7.436', 'grad_norm': '1.214', 'learning_rate': '9.131e-05', 'epoch': '0.5443'}
{'loss': '7.381', 'grad_norm': '1.051', 'learning_rate': '9.119e-05', 'epoch': '0.5449'}
{'loss': '8.245', 'grad_norm': '1.188', 'learning_rate': '9.107e-05', 'epoch': '0.5455'}
{'loss': '8.668', 'grad_norm': '2.387', 'learning_rate': '9.095e-05', 'epoch': '0.5461'}
{'loss': '10.18', 'grad_norm': '1.305', 'learning_rate': '9.083e-05', 'epoch': '0.5467'}
{'loss': '9.781', 'grad_norm': '1.207', 'learning_rate': '9.071e-05', 'epoch': '0.5473'}
{'loss': '9.787', 'grad_norm': '1.379', 'learning_rate': '9.059e-05', 'epoch': '0.5479'}
{'loss': '8.428', 'grad_norm': '0.859', 'learning_rate': '9.047e-05', 'epoch': '0.5485'}
{'loss': '9.469', 'grad_norm': '1.111', 'learning_rate': '9.035e-05', 'epoch': '0.5491'}
{'loss': '9.216', 'grad_norm': '1.337', 'learning_rate': '9.023e-05', 'epoch': '0.5497'}
{'loss': '7.605', 'grad_norm': '1.153', 'learning_rate': '9.011e-05', 'epoch': '0.5503'}
{'loss': '9.994', 'grad_norm': '1.419', 'learning_rate': '8.999e-05', 'epoch': '0.5509'}
{'loss': '8.589', 'grad_norm': '0.947', 'learning_rate': '8.987e-05', 'epoch': '0.5515'}
{'loss': '10.43', 'grad_norm': '1.245', 'learning_rate': '8.975e-05', 'epoch': '0.5521'}
{'loss': '10.81', 'grad_norm': '1.353', 'learning_rate': '8.963e-05', 'epoch': '0.5527'}
{'loss': '8.629', 'grad_norm': '1.162', 'learning_rate': '8.951e-05', 'epoch': '0.5533'}
{'loss': '10.54', 'grad_norm': '1.663', 'learning_rate': '8.938e-05', 'epoch': '0.5539'}
{'loss': '8.434', 'grad_norm': '1.184', 'learning_rate': '8.926e-05', 'epoch': '0.5545'}
{'loss': '9.031', 'grad_norm': '1.188', 'learning_rate': '8.914e-05', 'epoch': '0.5551'}
{'loss': '8.606', 'grad_norm': '1.027', 'learning_rate': '8.902e-05', 'epoch': '0.5557'}
{'loss': '8.913', 'grad_norm': '1.243', 'learning_rate': '8.89e-05', 'epoch': '0.5563'}
{'loss': '7.621', 'grad_norm': '1.031', 'learning_rate': '8.878e-05', 'epoch': '0.5569'}
{'loss': '7.879', 'grad_norm': '0.9175', 'learning_rate': '8.866e-05', 'epoch': '0.5576'}
{'loss': '10.68', 'grad_norm': '1.501', 'learning_rate': '8.854e-05', 'epoch': '0.5582'}
{'loss': '9.439', 'grad_norm': '1.26', 'learning_rate': '8.842e-05', 'epoch': '0.5588'}
{'loss': '7.258', 'grad_norm': '1.092', 'learning_rate': '8.83e-05', 'epoch': '0.5594'}
{'loss': '9.023', 'grad_norm': '1.014', 'learning_rate': '8.818e-05', 'epoch': '0.56'}
{'loss': '8.743', 'grad_norm': '1.514', 'learning_rate': '8.806e-05', 'epoch': '0.5606'}
{'loss': '8.114', 'grad_norm': '1.111', 'learning_rate': '8.794e-05', 'epoch': '0.5612'}
{'loss': '8.905', 'grad_norm': '1.265', 'learning_rate': '8.782e-05', 'epoch': '0.5618'}
{'loss': '10.68', 'grad_norm': '1.173', 'learning_rate': '8.77e-05', 'epoch': '0.5624'}
{'loss': '8.264', 'grad_norm': '1.373', 'learning_rate': '8.758e-05', 'epoch': '0.563'}
{'loss': '8.119', 'grad_norm': '1.105', 'learning_rate': '8.745e-05', 'epoch': '0.5636'}
{'loss': '7.918', 'grad_norm': '1.17', 'learning_rate': '8.733e-05', 'epoch': '0.5642'}
{'loss': '7.953', 'grad_norm': '1.466', 'learning_rate': '8.721e-05', 'epoch': '0.5648'}
{'loss': '9.082', 'grad_norm': '0.9209', 'learning_rate': '8.709e-05', 'epoch': '0.5654'}
{'loss': '7.806', 'grad_norm': '1.219', 'learning_rate': '8.697e-05', 'epoch': '0.566'}
{'loss': '8.706', 'grad_norm': '1.096', 'learning_rate': '8.685e-05', 'epoch': '0.5666'}
{'loss': '8.246', 'grad_norm': '1.758', 'learning_rate': '8.673e-05', 'epoch': '0.5672'}
{'loss': '9.995', 'grad_norm': '0.9128', 'learning_rate': '8.661e-05', 'epoch': '0.5678'}
{'loss': '7.504', 'grad_norm': '0.9843', 'learning_rate': '8.649e-05', 'epoch': '0.5684'}
{'loss': '7.588', 'grad_norm': '1.066', 'learning_rate': '8.637e-05', 'epoch': '0.569'}
{'loss': '8.077', 'grad_norm': '1.271', 'learning_rate': '8.625e-05', 'epoch': '0.5696'}
{'loss': '9.242', 'grad_norm': '1.224', 'learning_rate': '8.613e-05', 'epoch': '0.5702'}
{'loss': '9.887', 'grad_norm': '1.15', 'learning_rate': '8.601e-05', 'epoch': '0.5708'}
{'loss': '8.781', 'grad_norm': '0.9289', 'learning_rate': '8.589e-05', 'epoch': '0.5714'}
{'loss': '8.446', 'grad_norm': '1.189', 'learning_rate': '8.577e-05', 'epoch': '0.572'}
{'loss': '8.405', 'grad_norm': '1.496', 'learning_rate': '8.565e-05', 'epoch': '0.5726'}
{'loss': '9.707', 'grad_norm': '1.032', 'learning_rate': '8.552e-05', 'epoch': '0.5732'}
{'loss': '8.083', 'grad_norm': '0.9445', 'learning_rate': '8.54e-05', 'epoch': '0.5738'}
{'loss': '8.367', 'grad_norm': '1.061', 'learning_rate': '8.528e-05', 'epoch': '0.5744'}
{'loss': '7.777', 'grad_norm': '1.075', 'learning_rate': '8.516e-05', 'epoch': '0.575'}
{'loss': '9.006', 'grad_norm': '1.166', 'learning_rate': '8.504e-05', 'epoch': '0.5757'}
{'loss': '8.753', 'grad_norm': '0.9902', 'learning_rate': '8.492e-05', 'epoch': '0.5763'}
{'loss': '8.317', 'grad_norm': '1.057', 'learning_rate': '8.48e-05', 'epoch': '0.5769'}
{'loss': '9.852', 'grad_norm': '1.262', 'learning_rate': '8.468e-05', 'epoch': '0.5775'}
{'loss': '9.896', 'grad_norm': '1.604', 'learning_rate': '8.456e-05', 'epoch': '0.5781'}
{'loss': '10.14', 'grad_norm': '1.02', 'learning_rate': '8.444e-05', 'epoch': '0.5787'}
{'loss': '9.291', 'grad_norm': '1.224', 'learning_rate': '8.432e-05', 'epoch': '0.5793'}
{'loss': '8.944', 'grad_norm': '1.213', 'learning_rate': '8.42e-05', 'epoch': '0.5799'}
{'loss': '9.374', 'grad_norm': '0.9455', 'learning_rate': '8.408e-05', 'epoch': '0.5805'}
{'loss': '11.22', 'grad_norm': '1.218', 'learning_rate': '8.396e-05', 'epoch': '0.5811'}
{'loss': '9.47', 'grad_norm': '1.169', 'learning_rate': '8.384e-05', 'epoch': '0.5817'}
{'loss': '9.177', 'grad_norm': '1.231', 'learning_rate': '8.372e-05', 'epoch': '0.5823'}
{'loss': '8.851', 'grad_norm': '1.02', 'learning_rate': '8.359e-05', 'epoch': '0.5829'}
{'loss': '7.468', 'grad_norm': '1.026', 'learning_rate': '8.347e-05', 'epoch': '0.5835'}
{'loss': '8.071', 'grad_norm': '0.9788', 'learning_rate': '8.335e-05', 'epoch': '0.5841'}
{'loss': '8.426', 'grad_norm': '0.9153', 'learning_rate': '8.323e-05', 'epoch': '0.5847'}
{'loss': '9.124', 'grad_norm': '1.219', 'learning_rate': '8.311e-05', 'epoch': '0.5853'}
{'loss': '9.185', 'grad_norm': '0.9594', 'learning_rate': '8.299e-05', 'epoch': '0.5859'}
{'loss': '7.113', 'grad_norm': '0.9749', 'learning_rate': '8.287e-05', 'epoch': '0.5865'}
{'loss': '8.364', 'grad_norm': '1.309', 'learning_rate': '8.275e-05', 'epoch': '0.5871'}
{'loss': '8.097', 'grad_norm': '0.8762', 'learning_rate': '8.263e-05', 'epoch': '0.5877'}
{'loss': '11.05', 'grad_norm': '1.254', 'learning_rate': '8.251e-05', 'epoch': '0.5883'}
{'loss': '7.105', 'grad_norm': '1.354', 'learning_rate': '8.239e-05', 'epoch': '0.5889'}
{'loss': '8.045', 'grad_norm': '1.367', 'learning_rate': '8.227e-05', 'epoch': '0.5895'}
{'loss': '7.465', 'grad_norm': '2.253', 'learning_rate': '8.215e-05', 'epoch': '0.5901'}
{'loss': '8.071', 'grad_norm': '0.959', 'learning_rate': '8.203e-05', 'epoch': '0.5907'}
{'loss': '9.446', 'grad_norm': '1.597', 'learning_rate': '8.191e-05', 'epoch': '0.5913'}
{'loss': '8.317', 'grad_norm': '1.184', 'learning_rate': '8.179e-05', 'epoch': '0.5919'}
{'loss': '9.131', 'grad_norm': '0.8956', 'learning_rate': '8.166e-05', 'epoch': '0.5925'}
{'loss': '8.488', 'grad_norm': '1.048', 'learning_rate': '8.154e-05', 'epoch': '0.5932'}
{'loss': '8.138', 'grad_norm': '0.9722', 'learning_rate': '8.142e-05', 'epoch': '0.5938'}
{'loss': '8.585', 'grad_norm': '0.7975', 'learning_rate': '8.13e-05', 'epoch': '0.5944'}
{'loss': '9.727', 'grad_norm': '1.308', 'learning_rate': '8.118e-05', 'epoch': '0.595'}
{'loss': '9.095', 'grad_norm': '1.048', 'learning_rate': '8.106e-05', 'epoch': '0.5956'}
{'loss': '9.062', 'grad_norm': '1.019', 'learning_rate': '8.094e-05', 'epoch': '0.5962'}
{'loss': '8.907', 'grad_norm': '1.226', 'learning_rate': '8.082e-05', 'epoch': '0.5968'}
{'loss': '8.673', 'grad_norm': '1.007', 'learning_rate': '8.07e-05', 'epoch': '0.5974'}
{'loss': '9.309', 'grad_norm': '0.9548', 'learning_rate': '8.058e-05', 'epoch': '0.598'}
{'loss': '8.942', 'grad_norm': '1.321', 'learning_rate': '8.046e-05', 'epoch': '0.5986'}
{'loss': '10.02', 'grad_norm': '1.243', 'learning_rate': '8.034e-05', 'epoch': '0.5992'}
{'loss': '8.059', 'grad_norm': '1.109', 'learning_rate': '8.022e-05', 'epoch': '0.5998'}
{'loss': '8.095', 'grad_norm': '1.404', 'learning_rate': '8.01e-05', 'epoch': '0.6004'}
{'loss': '7.427', 'grad_norm': '1.603', 'learning_rate': '7.998e-05', 'epoch': '0.601'}
{'loss': '9.563', 'grad_norm': '1.07', 'learning_rate': '7.986e-05', 'epoch': '0.6016'}
{'loss': '7.929', 'grad_norm': '2.491', 'learning_rate': '7.973e-05', 'epoch': '0.6022'}
{'loss': '8.932', 'grad_norm': '0.9829', 'learning_rate': '7.961e-05', 'epoch': '0.6028'}
{'loss': '9.881', 'grad_norm': '0.9326', 'learning_rate': '7.949e-05', 'epoch': '0.6034'}
{'loss': '8.182', 'grad_norm': '1.246', 'learning_rate': '7.937e-05', 'epoch': '0.604'}
{'loss': '8.308', 'grad_norm': '1.15', 'learning_rate': '7.925e-05', 'epoch': '0.6046'}
{'loss': '10.53', 'grad_norm': '1.092', 'learning_rate': '7.913e-05', 'epoch': '0.6052'}
{'loss': '7.527', 'grad_norm': '1.061', 'learning_rate': '7.901e-05', 'epoch': '0.6058'}
{'loss': '7.512', 'grad_norm': '1.419', 'learning_rate': '7.889e-05', 'epoch': '0.6064'}
{'loss': '7.333', 'grad_norm': '1.555', 'learning_rate': '7.877e-05', 'epoch': '0.607'}
{'loss': '9.642', 'grad_norm': '1.358', 'learning_rate': '7.865e-05', 'epoch': '0.6076'}
{'loss': '9.662', 'grad_norm': '1.445', 'learning_rate': '7.853e-05', 'epoch': '0.6082'}
{'loss': '8.867', 'grad_norm': '1.057', 'learning_rate': '7.841e-05', 'epoch': '0.6088'}
{'loss': '8.082', 'grad_norm': '1.037', 'learning_rate': '7.829e-05', 'epoch': '0.6094'}
{'loss': '8.69', 'grad_norm': '1.527', 'learning_rate': '7.817e-05', 'epoch': '0.61'}
{'loss': '8.937', 'grad_norm': '1.268', 'learning_rate': '7.805e-05', 'epoch': '0.6107'}
{'loss': '8.321', 'grad_norm': '0.9556', 'learning_rate': '7.793e-05', 'epoch': '0.6113'}
{'loss': '8.13', 'grad_norm': '1.055', 'learning_rate': '7.78e-05', 'epoch': '0.6119'}
{'loss': '8.976', 'grad_norm': '1.279', 'learning_rate': '7.768e-05', 'epoch': '0.6125'}
{'loss': '8.715', 'grad_norm': '1.007', 'learning_rate': '7.756e-05', 'epoch': '0.6131'}
{'loss': '8.893', 'grad_norm': '0.9859', 'learning_rate': '7.744e-05', 'epoch': '0.6137'}
{'loss': '9.685', 'grad_norm': '1.315', 'learning_rate': '7.732e-05', 'epoch': '0.6143'}
{'loss': '9.235', 'grad_norm': '1.618', 'learning_rate': '7.72e-05', 'epoch': '0.6149'}
{'loss': '8.72', 'grad_norm': '1.033', 'learning_rate': '7.708e-05', 'epoch': '0.6155'}
{'loss': '9.939', 'grad_norm': '1.748', 'learning_rate': '7.696e-05', 'epoch': '0.6161'}
{'loss': '8.707', 'grad_norm': '1.058', 'learning_rate': '7.684e-05', 'epoch': '0.6167'}
{'loss': '8.6', 'grad_norm': '1.125', 'learning_rate': '7.672e-05', 'epoch': '0.6173'}
{'loss': '7.383', 'grad_norm': '1.065', 'learning_rate': '7.66e-05', 'epoch': '0.6179'}
{'loss': '9.249', 'grad_norm': '1.509', 'learning_rate': '7.648e-05', 'epoch': '0.6185'}
{'loss': '8.249', 'grad_norm': '2.123', 'learning_rate': '7.636e-05', 'epoch': '0.6191'}
{'loss': '8.71', 'grad_norm': '1.137', 'learning_rate': '7.624e-05', 'epoch': '0.6197'}
{'loss': '7.81', 'grad_norm': '1.335', 'learning_rate': '7.612e-05', 'epoch': '0.6203'}
{'loss': '9.953', 'grad_norm': '1.17', 'learning_rate': '7.6e-05', 'epoch': '0.6209'}
{'loss': '7.549', 'grad_norm': '1.042', 'learning_rate': '7.587e-05', 'epoch': '0.6215'}
{'loss': '8.139', 'grad_norm': '1.506', 'learning_rate': '7.575e-05', 'epoch': '0.6221'}
{'loss': '9.484', 'grad_norm': '1.479', 'learning_rate': '7.563e-05', 'epoch': '0.6227'}
{'loss': '7.882', 'grad_norm': '1.133', 'learning_rate': '7.551e-05', 'epoch': '0.6233'}
{'loss': '9.071', 'grad_norm': '1.167', 'learning_rate': '7.539e-05', 'epoch': '0.6239'}
{'loss': '8.539', 'grad_norm': '1.068', 'learning_rate': '7.527e-05', 'epoch': '0.6245'}
{'loss': '10.59', 'grad_norm': '1.243', 'learning_rate': '7.515e-05', 'epoch': '0.6251'}
{'loss': '9.41', 'grad_norm': '1.017', 'learning_rate': '7.503e-05', 'epoch': '0.6257'}
{'loss': '7.265', 'grad_norm': '1.308', 'learning_rate': '7.491e-05', 'epoch': '0.6263'}
{'loss': '8.379', 'grad_norm': '0.8644', 'learning_rate': '7.479e-05', 'epoch': '0.6269'}
{'loss': '7.604', 'grad_norm': '1.046', 'learning_rate': '7.467e-05', 'epoch': '0.6275'}
{'loss': '9.161', 'grad_norm': '1.122', 'learning_rate': '7.455e-05', 'epoch': '0.6281'}
{'loss': '9.377', 'grad_norm': '0.9382', 'learning_rate': '7.443e-05', 'epoch': '0.6288'}
{'loss': '9.471', 'grad_norm': '1.139', 'learning_rate': '7.431e-05', 'epoch': '0.6294'}
{'loss': '9.161', 'grad_norm': '1.674', 'learning_rate': '7.419e-05', 'epoch': '0.63'}
{'loss': '9.604', 'grad_norm': '1.401', 'learning_rate': '7.407e-05', 'epoch': '0.6306'}
{'loss': '9.922', 'grad_norm': '1.162', 'learning_rate': '7.394e-05', 'epoch': '0.6312'}
{'loss': '6.997', 'grad_norm': '1.295', 'learning_rate': '7.382e-05', 'epoch': '0.6318'}
{'loss': '9.651', 'grad_norm': '1.625', 'learning_rate': '7.37e-05', 'epoch': '0.6324'}
{'loss': '5.728', 'grad_norm': '1.124', 'learning_rate': '7.358e-05', 'epoch': '0.633'}
{'loss': '8.595', 'grad_norm': '0.9955', 'learning_rate': '7.346e-05', 'epoch': '0.6336'}
{'loss': '8.914', 'grad_norm': '0.9757', 'learning_rate': '7.334e-05', 'epoch': '0.6342'}
{'loss': '8.438', 'grad_norm': '1.193', 'learning_rate': '7.322e-05', 'epoch': '0.6348'}
{'loss': '10.09', 'grad_norm': '1.128', 'learning_rate': '7.31e-05', 'epoch': '0.6354'}
{'loss': '9.54', 'grad_norm': '1.098', 'learning_rate': '7.298e-05', 'epoch': '0.636'}
{'loss': '8.594', 'grad_norm': '1.116', 'learning_rate': '7.286e-05', 'epoch': '0.6366'}
{'loss': '9.169', 'grad_norm': '0.9986', 'learning_rate': '7.274e-05', 'epoch': '0.6372'}
{'loss': '9.678', 'grad_norm': '1.064', 'learning_rate': '7.262e-05', 'epoch': '0.6378'}
{'loss': '7.676', 'grad_norm': '1.186', 'learning_rate': '7.25e-05', 'epoch': '0.6384'}
{'loss': '9.91', 'grad_norm': '1.783', 'learning_rate': '7.238e-05', 'epoch': '0.639'}
{'loss': '9.41', 'grad_norm': '0.9644', 'learning_rate': '7.226e-05', 'epoch': '0.6396'}
{'loss': '5.87', 'grad_norm': '1.287', 'learning_rate': '7.214e-05', 'epoch': '0.6402'}
{'loss': '8.613', 'grad_norm': '1.316', 'learning_rate': '7.201e-05', 'epoch': '0.6408'}
{'loss': '8.731', 'grad_norm': '1.189', 'learning_rate': '7.189e-05', 'epoch': '0.6414'}
{'loss': '8.899', 'grad_norm': '1.302', 'learning_rate': '7.177e-05', 'epoch': '0.642'}
{'loss': '7.202', 'grad_norm': '0.9887', 'learning_rate': '7.165e-05', 'epoch': '0.6426'}
{'loss': '8.982', 'grad_norm': '1.553', 'learning_rate': '7.153e-05', 'epoch': '0.6432'}
{'loss': '7.733', 'grad_norm': '0.9314', 'learning_rate': '7.141e-05', 'epoch': '0.6438'}
{'loss': '9.366', 'grad_norm': '0.9131', 'learning_rate': '7.129e-05', 'epoch': '0.6444'}
{'loss': '8.848', 'grad_norm': '1.373', 'learning_rate': '7.117e-05', 'epoch': '0.645'}
{'loss': '5.52', 'grad_norm': '0.9158', 'learning_rate': '7.105e-05', 'epoch': '0.6456'}
{'loss': '7.513', 'grad_norm': '1.115', 'learning_rate': '7.093e-05', 'epoch': '0.6463'}
{'loss': '10.69', 'grad_norm': '1.102', 'learning_rate': '7.081e-05', 'epoch': '0.6469'}
{'loss': '7.009', 'grad_norm': '1.299', 'learning_rate': '7.069e-05', 'epoch': '0.6475'}
{'loss': '9.441', 'grad_norm': '1.136', 'learning_rate': '7.057e-05', 'epoch': '0.6481'}
{'loss': '8.166', 'grad_norm': '0.9866', 'learning_rate': '7.045e-05', 'epoch': '0.6487'}
{'loss': '7.38', 'grad_norm': '0.914', 'learning_rate': '7.033e-05', 'epoch': '0.6493'}
{'loss': '8.62', 'grad_norm': '1.043', 'learning_rate': '7.021e-05', 'epoch': '0.6499'}
{'loss': '8.648', 'grad_norm': '1.359', 'learning_rate': '7.008e-05', 'epoch': '0.6505'}
{'loss': '7.746', 'grad_norm': '1.072', 'learning_rate': '6.996e-05', 'epoch': '0.6511'}
{'loss': '8.399', 'grad_norm': '1.267', 'learning_rate': '6.984e-05', 'epoch': '0.6517'}
{'loss': '8.059', 'grad_norm': '0.9903', 'learning_rate': '6.972e-05', 'epoch': '0.6523'}
{'loss': '8.253', 'grad_norm': '1.166', 'learning_rate': '6.96e-05', 'epoch': '0.6529'}
{'loss': '8.797', 'grad_norm': '1.172', 'learning_rate': '6.948e-05', 'epoch': '0.6535'}
{'loss': '9.708', 'grad_norm': '1.016', 'learning_rate': '6.936e-05', 'epoch': '0.6541'}
{'loss': '8.865', 'grad_norm': '1.262', 'learning_rate': '6.924e-05', 'epoch': '0.6547'}
{'loss': '8.301', 'grad_norm': '1.132', 'learning_rate': '6.912e-05', 'epoch': '0.6553'}
{'loss': '8.569', 'grad_norm': '1.021', 'learning_rate': '6.9e-05', 'epoch': '0.6559'}
{'loss': '9.406', 'grad_norm': '1.385', 'learning_rate': '6.888e-05', 'epoch': '0.6565'}
{'loss': '8.397', 'grad_norm': '1.211', 'learning_rate': '6.876e-05', 'epoch': '0.6571'}
{'loss': '9.568', 'grad_norm': '0.9486', 'learning_rate': '6.864e-05', 'epoch': '0.6577'}
{'loss': '7.821', 'grad_norm': '0.9952', 'learning_rate': '6.852e-05', 'epoch': '0.6583'}
{'loss': '9.536', 'grad_norm': '1.28', 'learning_rate': '6.84e-05', 'epoch': '0.6589'}
{'loss': '9.384', 'grad_norm': '1.467', 'learning_rate': '6.828e-05', 'epoch': '0.6595'}
{'loss': '8.564', 'grad_norm': '0.8516', 'learning_rate': '6.815e-05', 'epoch': '0.6601'}
{'loss': '8.202', 'grad_norm': '0.9338', 'learning_rate': '6.803e-05', 'epoch': '0.6607'}
{'loss': '10.47', 'grad_norm': '1.063', 'learning_rate': '6.791e-05', 'epoch': '0.6613'}
{'loss': '8.023', 'grad_norm': '1.111', 'learning_rate': '6.779e-05', 'epoch': '0.6619'}
{'loss': '8.609', 'grad_norm': '1.525', 'learning_rate': '6.767e-05', 'epoch': '0.6625'}
{'loss': '8.34', 'grad_norm': '0.9483', 'learning_rate': '6.755e-05', 'epoch': '0.6631'}
{'loss': '8.202', 'grad_norm': '1.14', 'learning_rate': '6.743e-05', 'epoch': '0.6638'}
{'loss': '8.273', 'grad_norm': '1.068', 'learning_rate': '6.731e-05', 'epoch': '0.6644'}
{'loss': '8.748', 'grad_norm': '1.256', 'learning_rate': '6.719e-05', 'epoch': '0.665'}
{'loss': '8.982', 'grad_norm': '1.046', 'learning_rate': '6.707e-05', 'epoch': '0.6656'}
{'loss': '9.041', 'grad_norm': '1.29', 'learning_rate': '6.695e-05', 'epoch': '0.6662'}
{'loss': '8.202', 'grad_norm': '1.943', 'learning_rate': '6.683e-05', 'epoch': '0.6668'}
{'loss': '8.013', 'grad_norm': '1.329', 'learning_rate': '6.671e-05', 'epoch': '0.6674'}
{'loss': '7.747', 'grad_norm': '1.014', 'learning_rate': '6.659e-05', 'epoch': '0.668'}
{'loss': '8.997', 'grad_norm': '1.766', 'learning_rate': '6.647e-05', 'epoch': '0.6686'}
{'loss': '8.301', 'grad_norm': '1.18', 'learning_rate': '6.634e-05', 'epoch': '0.6692'}
{'loss': '9.26', 'grad_norm': '1.566', 'learning_rate': '6.622e-05', 'epoch': '0.6698'}
{'loss': '9.397', 'grad_norm': '0.9126', 'learning_rate': '6.61e-05', 'epoch': '0.6704'}
{'loss': '8.726', 'grad_norm': '1.123', 'learning_rate': '6.598e-05', 'epoch': '0.671'}
{'loss': '8.04', 'grad_norm': '1.161', 'learning_rate': '6.586e-05', 'epoch': '0.6716'}
{'loss': '9.757', 'grad_norm': '1.037', 'learning_rate': '6.574e-05', 'epoch': '0.6722'}
{'loss': '10.45', 'grad_norm': '1.012', 'learning_rate': '6.562e-05', 'epoch': '0.6728'}
{'loss': '7.544', 'grad_norm': '1.339', 'learning_rate': '6.55e-05', 'epoch': '0.6734'}
{'loss': '8.543', 'grad_norm': '1.287', 'learning_rate': '6.538e-05', 'epoch': '0.674'}
{'loss': '8.605', 'grad_norm': '1.013', 'learning_rate': '6.526e-05', 'epoch': '0.6746'}
{'loss': '8.097', 'grad_norm': '1.051', 'learning_rate': '6.514e-05', 'epoch': '0.6752'}
{'loss': '8.382', 'grad_norm': '1.144', 'learning_rate': '6.502e-05', 'epoch': '0.6758'}
{'loss': '7.273', 'grad_norm': '1.514', 'learning_rate': '6.49e-05', 'epoch': '0.6764'}
{'loss': '7.761', 'grad_norm': '1.909', 'learning_rate': '6.478e-05', 'epoch': '0.677'}
{'loss': '7.753', 'grad_norm': '1.057', 'learning_rate': '6.466e-05', 'epoch': '0.6776'}
{'loss': '8.519', 'grad_norm': '1.405', 'learning_rate': '6.454e-05', 'epoch': '0.6782'}
{'loss': '8.755', 'grad_norm': '1.105', 'learning_rate': '6.441e-05', 'epoch': '0.6788'}
{'loss': '8.721', 'grad_norm': '1.013', 'learning_rate': '6.429e-05', 'epoch': '0.6794'}
{'loss': '8.99', 'grad_norm': '1.075', 'learning_rate': '6.417e-05', 'epoch': '0.68'}
{'loss': '7.691', 'grad_norm': '1.236', 'learning_rate': '6.405e-05', 'epoch': '0.6806'}
{'loss': '9.174', 'grad_norm': '0.9897', 'learning_rate': '6.393e-05', 'epoch': '0.6812'}
{'loss': '7.892', 'grad_norm': '1.079', 'learning_rate': '6.381e-05', 'epoch': '0.6819'}
{'loss': '8.969', 'grad_norm': '1.109', 'learning_rate': '6.369e-05', 'epoch': '0.6825'}
{'loss': '7.63', 'grad_norm': '1.314', 'learning_rate': '6.357e-05', 'epoch': '0.6831'}
{'loss': '7.603', 'grad_norm': '1.226', 'learning_rate': '6.345e-05', 'epoch': '0.6837'}
{'loss': '9.343', 'grad_norm': '0.9972', 'learning_rate': '6.333e-05', 'epoch': '0.6843'}
{'loss': '8.105', 'grad_norm': '0.9284', 'learning_rate': '6.321e-05', 'epoch': '0.6849'}
{'loss': '8.219', 'grad_norm': '1.44', 'learning_rate': '6.309e-05', 'epoch': '0.6855'}
{'loss': '8.958', 'grad_norm': '1.072', 'learning_rate': '6.297e-05', 'epoch': '0.6861'}
{'loss': '8.412', 'grad_norm': '0.9452', 'learning_rate': '6.285e-05', 'epoch': '0.6867'}
{'loss': '9.566', 'grad_norm': '1.572', 'learning_rate': '6.273e-05', 'epoch': '0.6873'}
{'loss': '8.698', 'grad_norm': '1.286', 'learning_rate': '6.261e-05', 'epoch': '0.6879'}
{'loss': '9.287', 'grad_norm': '1.13', 'learning_rate': '6.248e-05', 'epoch': '0.6885'}
{'loss': '8.618', 'grad_norm': '1.262', 'learning_rate': '6.236e-05', 'epoch': '0.6891'}
{'loss': '7.742', 'grad_norm': '1.304', 'learning_rate': '6.224e-05', 'epoch': '0.6897'}
{'loss': '8.059', 'grad_norm': '1.039', 'learning_rate': '6.212e-05', 'epoch': '0.6903'}
{'loss': '9.187', 'grad_norm': '1.053', 'learning_rate': '6.2e-05', 'epoch': '0.6909'}
{'loss': '8.818', 'grad_norm': '1.328', 'learning_rate': '6.188e-05', 'epoch': '0.6915'}
{'loss': '9.348', 'grad_norm': '1.211', 'learning_rate': '6.176e-05', 'epoch': '0.6921'}
{'loss': '6.83', 'grad_norm': '1.32', 'learning_rate': '6.164e-05', 'epoch': '0.6927'}
{'loss': '8.04', 'grad_norm': '1.257', 'learning_rate': '6.152e-05', 'epoch': '0.6933'}
{'loss': '8.145', 'grad_norm': '1.604', 'learning_rate': '6.14e-05', 'epoch': '0.6939'}
{'loss': '9.731', 'grad_norm': '1.06', 'learning_rate': '6.128e-05', 'epoch': '0.6945'}
{'loss': '9.099', 'grad_norm': '1.229', 'learning_rate': '6.116e-05', 'epoch': '0.6951'}
{'loss': '10.05', 'grad_norm': '1.353', 'learning_rate': '6.104e-05', 'epoch': '0.6957'}
{'loss': '9.34', 'grad_norm': '1.058', 'learning_rate': '6.092e-05', 'epoch': '0.6963'}
{'loss': '9.341', 'grad_norm': '1.295', 'learning_rate': '6.08e-05', 'epoch': '0.6969'}
{'loss': '7.52', 'grad_norm': '2.11', 'learning_rate': '6.068e-05', 'epoch': '0.6975'}
{'loss': '9.928', 'grad_norm': '1.037', 'learning_rate': '6.055e-05', 'epoch': '0.6981'}
{'loss': '8.733', 'grad_norm': '1.215', 'learning_rate': '6.043e-05', 'epoch': '0.6987'}
{'loss': '8.682', 'grad_norm': '1.154', 'learning_rate': '6.031e-05', 'epoch': '0.6994'}
{'loss': '7.322', 'grad_norm': '1.078', 'learning_rate': '6.019e-05', 'epoch': '0.7'}
{'loss': '7.768', 'grad_norm': '1.268', 'learning_rate': '6.007e-05', 'epoch': '0.7006'}
{'loss': '9.414', 'grad_norm': '1.396', 'learning_rate': '5.995e-05', 'epoch': '0.7012'}
{'loss': '9.872', 'grad_norm': '0.9184', 'learning_rate': '5.983e-05', 'epoch': '0.7018'}
{'loss': '7.579', 'grad_norm': '0.895', 'learning_rate': '5.971e-05', 'epoch': '0.7024'}
{'loss': '6.941', 'grad_norm': '0.9785', 'learning_rate': '5.959e-05', 'epoch': '0.703'}
{'loss': '9.442', 'grad_norm': '1.096', 'learning_rate': '5.947e-05', 'epoch': '0.7036'}
{'loss': '10.07', 'grad_norm': '1.288', 'learning_rate': '5.935e-05', 'epoch': '0.7042'}
{'loss': '8.874', 'grad_norm': '1.046', 'learning_rate': '5.923e-05', 'epoch': '0.7048'}
{'loss': '8.095', 'grad_norm': '1.123', 'learning_rate': '5.911e-05', 'epoch': '0.7054'}
{'loss': '9.03', 'grad_norm': '1.406', 'learning_rate': '5.899e-05', 'epoch': '0.706'}
{'loss': '8.211', 'grad_norm': '0.9337', 'learning_rate': '5.887e-05', 'epoch': '0.7066'}
{'loss': '7.723', 'grad_norm': '1.074', 'learning_rate': '5.875e-05', 'epoch': '0.7072'}
{'loss': '6.667', 'grad_norm': '1.197', 'learning_rate': '5.862e-05', 'epoch': '0.7078'}
{'loss': '8.646', 'grad_norm': '1.399', 'learning_rate': '5.85e-05', 'epoch': '0.7084'}
{'loss': '9.378', 'grad_norm': '1.112', 'learning_rate': '5.838e-05', 'epoch': '0.709'}
{'loss': '8.117', 'grad_norm': '1.812', 'learning_rate': '5.826e-05', 'epoch': '0.7096'}
{'loss': '9.879', 'grad_norm': '1.254', 'learning_rate': '5.814e-05', 'epoch': '0.7102'}
{'loss': '9.817', 'grad_norm': '1.071', 'learning_rate': '5.802e-05', 'epoch': '0.7108'}
{'loss': '10.21', 'grad_norm': '1.11', 'learning_rate': '5.79e-05', 'epoch': '0.7114'}
{'loss': '9.349', 'grad_norm': '0.9938', 'learning_rate': '5.778e-05', 'epoch': '0.712'}
{'loss': '8.125', 'grad_norm': '1.131', 'learning_rate': '5.766e-05', 'epoch': '0.7126'}
{'loss': '9.043', 'grad_norm': '1.067', 'learning_rate': '5.754e-05', 'epoch': '0.7132'}
{'loss': '10.26', 'grad_norm': '1.347', 'learning_rate': '5.742e-05', 'epoch': '0.7138'}
{'loss': '8.046', 'grad_norm': '0.9969', 'learning_rate': '5.73e-05', 'epoch': '0.7144'}
{'loss': '7.942', 'grad_norm': '0.9719', 'learning_rate': '5.718e-05', 'epoch': '0.715'}
{'loss': '7.423', 'grad_norm': '1.269', 'learning_rate': '5.706e-05', 'epoch': '0.7156'}
{'loss': '8.844', 'grad_norm': '1.044', 'learning_rate': '5.694e-05', 'epoch': '0.7162'}
{'loss': '7.673', 'grad_norm': '1.172', 'learning_rate': '5.682e-05', 'epoch': '0.7169'}
{'loss': '8.821', 'grad_norm': '1.139', 'learning_rate': '5.669e-05', 'epoch': '0.7175'}
{'loss': '8.66', 'grad_norm': '1.096', 'learning_rate': '5.657e-05', 'epoch': '0.7181'}
{'loss': '8.243', 'grad_norm': '0.9746', 'learning_rate': '5.645e-05', 'epoch': '0.7187'}
{'loss': '9.006', 'grad_norm': '1.17', 'learning_rate': '5.633e-05', 'epoch': '0.7193'}
{'loss': '8.285', 'grad_norm': '1.367', 'learning_rate': '5.621e-05', 'epoch': '0.7199'}
{'loss': '9.784', 'grad_norm': '1.445', 'learning_rate': '5.609e-05', 'epoch': '0.7205'}
{'loss': '7.288', 'grad_norm': '1.293', 'learning_rate': '5.597e-05', 'epoch': '0.7211'}
{'loss': '9.469', 'grad_norm': '0.9054', 'learning_rate': '5.585e-05', 'epoch': '0.7217'}
{'loss': '8.77', 'grad_norm': '0.8397', 'learning_rate': '5.573e-05', 'epoch': '0.7223'}
{'loss': '8.615', 'grad_norm': '1.164', 'learning_rate': '5.561e-05', 'epoch': '0.7229'}
{'loss': '7.331', 'grad_norm': '1.155', 'learning_rate': '5.549e-05', 'epoch': '0.7235'}
{'loss': '8.67', 'grad_norm': '0.9804', 'learning_rate': '5.537e-05', 'epoch': '0.7241'}
{'loss': '6.371', 'grad_norm': '1.321', 'learning_rate': '5.525e-05', 'epoch': '0.7247'}
{'loss': '10.65', 'grad_norm': '1.351', 'learning_rate': '5.513e-05', 'epoch': '0.7253'}
{'loss': '7.644', 'grad_norm': '1.147', 'learning_rate': '5.501e-05', 'epoch': '0.7259'}
{'loss': '9.313', 'grad_norm': '1.376', 'learning_rate': '5.489e-05', 'epoch': '0.7265'}
{'loss': '9.414', 'grad_norm': '1.25', 'learning_rate': '5.476e-05', 'epoch': '0.7271'}
{'loss': '9.491', 'grad_norm': '1.056', 'learning_rate': '5.464e-05', 'epoch': '0.7277'}
{'loss': '9.856', 'grad_norm': '1.407', 'learning_rate': '5.452e-05', 'epoch': '0.7283'}
{'loss': '7.956', 'grad_norm': '1.182', 'learning_rate': '5.44e-05', 'epoch': '0.7289'}
{'loss': '11.05', 'grad_norm': '1.5', 'learning_rate': '5.428e-05', 'epoch': '0.7295'}
{'loss': '8.738', 'grad_norm': '0.8882', 'learning_rate': '5.416e-05', 'epoch': '0.7301'}
{'loss': '9.902', 'grad_norm': '1.106', 'learning_rate': '5.404e-05', 'epoch': '0.7307'}
{'loss': '8.839', 'grad_norm': '1.018', 'learning_rate': '5.392e-05', 'epoch': '0.7313'}
{'loss': '9.632', 'grad_norm': '1.059', 'learning_rate': '5.38e-05', 'epoch': '0.7319'}
{'loss': '9.405', 'grad_norm': '1.215', 'learning_rate': '5.368e-05', 'epoch': '0.7325'}
{'loss': '8.961', 'grad_norm': '1.095', 'learning_rate': '5.356e-05', 'epoch': '0.7331'}
{'loss': '8.026', 'grad_norm': '1.205', 'learning_rate': '5.344e-05', 'epoch': '0.7337'}
{'loss': '7.86', 'grad_norm': '1.123', 'learning_rate': '5.332e-05', 'epoch': '0.7343'}
{'loss': '8.15', 'grad_norm': '1.111', 'learning_rate': '5.32e-05', 'epoch': '0.735'}
{'loss': '8.717', 'grad_norm': '1.066', 'learning_rate': '5.308e-05', 'epoch': '0.7356'}
{'loss': '7.993', 'grad_norm': '1.105', 'learning_rate': '5.296e-05', 'epoch': '0.7362'}
{'loss': '9.199', 'grad_norm': '1.158', 'learning_rate': '5.283e-05', 'epoch': '0.7368'}
{'loss': '7.156', 'grad_norm': '1.083', 'learning_rate': '5.271e-05', 'epoch': '0.7374'}
{'loss': '9.716', 'grad_norm': '1.172', 'learning_rate': '5.259e-05', 'epoch': '0.738'}
{'loss': '7.607', 'grad_norm': '1.237', 'learning_rate': '5.247e-05', 'epoch': '0.7386'}
{'loss': '8.099', 'grad_norm': '1.366', 'learning_rate': '5.235e-05', 'epoch': '0.7392'}
{'loss': '9.397', 'grad_norm': '1.26', 'learning_rate': '5.223e-05', 'epoch': '0.7398'}
{'loss': '9.558', 'grad_norm': '1.182', 'learning_rate': '5.211e-05', 'epoch': '0.7404'}
{'loss': '7.723', 'grad_norm': '1.335', 'learning_rate': '5.199e-05', 'epoch': '0.741'}
{'loss': '7.916', 'grad_norm': '1.06', 'learning_rate': '5.187e-05', 'epoch': '0.7416'}
{'loss': '8.124', 'grad_norm': '1.044', 'learning_rate': '5.175e-05', 'epoch': '0.7422'}
{'loss': '8.187', 'grad_norm': '1.355', 'learning_rate': '5.163e-05', 'epoch': '0.7428'}
{'loss': '8.921', 'grad_norm': '1.082', 'learning_rate': '5.151e-05', 'epoch': '0.7434'}
{'loss': '8.093', 'grad_norm': '0.8591', 'learning_rate': '5.139e-05', 'epoch': '0.744'}
{'loss': '8.055', 'grad_norm': '1.081', 'learning_rate': '5.127e-05', 'epoch': '0.7446'}
{'loss': '8.818', 'grad_norm': '1.454', 'learning_rate': '5.115e-05', 'epoch': '0.7452'}
{'loss': '8.892', 'grad_norm': '0.9496', 'learning_rate': '5.103e-05', 'epoch': '0.7458'}
{'loss': '9.095', 'grad_norm': '0.9806', 'learning_rate': '5.09e-05', 'epoch': '0.7464'}
{'loss': '9.335', 'grad_norm': '1.064', 'learning_rate': '5.078e-05', 'epoch': '0.747'}
{'loss': '8.075', 'grad_norm': '0.9048', 'learning_rate': '5.066e-05', 'epoch': '0.7476'}
{'loss': '9.342', 'grad_norm': '1.159', 'learning_rate': '5.054e-05', 'epoch': '0.7482'}
{'loss': '7.586', 'grad_norm': '0.9758', 'learning_rate': '5.042e-05', 'epoch': '0.7488'}
{'loss': '7.966', 'grad_norm': '0.8588', 'learning_rate': '5.03e-05', 'epoch': '0.7494'}
{'loss': '9.479', 'grad_norm': '1.113', 'learning_rate': '5.018e-05', 'epoch': '0.75'}
{'loss': '9.972', 'grad_norm': '1.523', 'learning_rate': '5.006e-05', 'epoch': '0.7506'}
{'loss': '7.996', 'grad_norm': '1.116', 'learning_rate': '4.994e-05', 'epoch': '0.7512'}
{'loss': '8.75', 'grad_norm': '1.346', 'learning_rate': '4.982e-05', 'epoch': '0.7518'}
{'loss': '10.99', 'grad_norm': '1.198', 'learning_rate': '4.97e-05', 'epoch': '0.7525'}
{'loss': '8.652', 'grad_norm': '1.427', 'learning_rate': '4.958e-05', 'epoch': '0.7531'}
{'loss': '7.393', 'grad_norm': '1.134', 'learning_rate': '4.946e-05', 'epoch': '0.7537'}
{'loss': '7.298', 'grad_norm': '0.9956', 'learning_rate': '4.934e-05', 'epoch': '0.7543'}
{'loss': '8.249', 'grad_norm': '1.169', 'learning_rate': '4.922e-05', 'epoch': '0.7549'}
{'loss': '8.902', 'grad_norm': '1.01', 'learning_rate': '4.91e-05', 'epoch': '0.7555'}
{'loss': '8.942', 'grad_norm': '1.646', 'learning_rate': '4.897e-05', 'epoch': '0.7561'}
{'loss': '8.703', 'grad_norm': '1.02', 'learning_rate': '4.885e-05', 'epoch': '0.7567'}
{'loss': '8.347', 'grad_norm': '0.8859', 'learning_rate': '4.873e-05', 'epoch': '0.7573'}
{'loss': '9.39', 'grad_norm': '1.402', 'learning_rate': '4.861e-05', 'epoch': '0.7579'}
{'loss': '8.132', 'grad_norm': '1.083', 'learning_rate': '4.849e-05', 'epoch': '0.7585'}
{'loss': '7.877', 'grad_norm': '0.9315', 'learning_rate': '4.837e-05', 'epoch': '0.7591'}
{'loss': '9.125', 'grad_norm': '0.9267', 'learning_rate': '4.825e-05', 'epoch': '0.7597'}
{'loss': '7.956', 'grad_norm': '1.358', 'learning_rate': '4.813e-05', 'epoch': '0.7603'}
{'loss': '11.06', 'grad_norm': '0.9933', 'learning_rate': '4.801e-05', 'epoch': '0.7609'}
{'loss': '9.021', 'grad_norm': '1.421', 'learning_rate': '4.789e-05', 'epoch': '0.7615'}
{'loss': '9.684', 'grad_norm': '1.403', 'learning_rate': '4.777e-05', 'epoch': '0.7621'}
{'loss': '9.141', 'grad_norm': '1.487', 'learning_rate': '4.765e-05', 'epoch': '0.7627'}
{'loss': '8.107', 'grad_norm': '1.211', 'learning_rate': '4.753e-05', 'epoch': '0.7633'}
{'loss': '9.448', 'grad_norm': '0.9514', 'learning_rate': '4.741e-05', 'epoch': '0.7639'}
{'loss': '6.734', 'grad_norm': '1.206', 'learning_rate': '4.729e-05', 'epoch': '0.7645'}
{'loss': '6.851', 'grad_norm': '1.149', 'learning_rate': '4.717e-05', 'epoch': '0.7651'}
{'loss': '6.811', 'grad_norm': '1.13', 'learning_rate': '4.704e-05', 'epoch': '0.7657'}
{'loss': '9.424', 'grad_norm': '1.503', 'learning_rate': '4.692e-05', 'epoch': '0.7663'}
{'loss': '9.164', 'grad_norm': '1.055', 'learning_rate': '4.68e-05', 'epoch': '0.7669'}
{'loss': '9.007', 'grad_norm': '1.348', 'learning_rate': '4.668e-05', 'epoch': '0.7675'}
{'loss': '7.366', 'grad_norm': '1.065', 'learning_rate': '4.656e-05', 'epoch': '0.7681'}
{'loss': '11.29', 'grad_norm': '1.629', 'learning_rate': '4.644e-05', 'epoch': '0.7687'}
{'loss': '8.644', 'grad_norm': '1.294', 'learning_rate': '4.632e-05', 'epoch': '0.7693'}
{'loss': '8.727', 'grad_norm': '0.854', 'learning_rate': '4.62e-05', 'epoch': '0.77'}
{'loss': '8.804', 'grad_norm': '1.478', 'learning_rate': '4.608e-05', 'epoch': '0.7706'}
{'loss': '8.516', 'grad_norm': '0.9363', 'learning_rate': '4.596e-05', 'epoch': '0.7712'}
{'loss': '9.422', 'grad_norm': '1.281', 'learning_rate': '4.584e-05', 'epoch': '0.7718'}
{'loss': '9.481', 'grad_norm': '1.325', 'learning_rate': '4.572e-05', 'epoch': '0.7724'}
{'loss': '9.259', 'grad_norm': '1.028', 'learning_rate': '4.56e-05', 'epoch': '0.773'}
{'loss': '10.63', 'grad_norm': '1.114', 'learning_rate': '4.548e-05', 'epoch': '0.7736'}
{'loss': '8.192', 'grad_norm': '1.23', 'learning_rate': '4.536e-05', 'epoch': '0.7742'}
{'loss': '8.276', 'grad_norm': '1.246', 'learning_rate': '4.524e-05', 'epoch': '0.7748'}
{'loss': '7.262', 'grad_norm': '1.048', 'learning_rate': '4.511e-05', 'epoch': '0.7754'}
{'loss': '7.156', 'grad_norm': '1.15', 'learning_rate': '4.499e-05', 'epoch': '0.776'}
{'loss': '8.569', 'grad_norm': '1.093', 'learning_rate': '4.487e-05', 'epoch': '0.7766'}
{'loss': '9.788', 'grad_norm': '1.463', 'learning_rate': '4.475e-05', 'epoch': '0.7772'}
{'loss': '9.462', 'grad_norm': '1.373', 'learning_rate': '4.463e-05', 'epoch': '0.7778'}
{'loss': '8.084', 'grad_norm': '1.237', 'learning_rate': '4.451e-05', 'epoch': '0.7784'}
{'loss': '8.582', 'grad_norm': '1.114', 'learning_rate': '4.439e-05', 'epoch': '0.779'}
{'loss': '7.714', 'grad_norm': '1.28', 'learning_rate': '4.427e-05', 'epoch': '0.7796'}
{'loss': '8.223', 'grad_norm': '1.305', 'learning_rate': '4.415e-05', 'epoch': '0.7802'}
{'loss': '9.017', 'grad_norm': '1.2', 'learning_rate': '4.403e-05', 'epoch': '0.7808'}
{'loss': '9.078', 'grad_norm': '0.916', 'learning_rate': '4.391e-05', 'epoch': '0.7814'}
{'loss': '8.878', 'grad_norm': '1.052', 'learning_rate': '4.379e-05', 'epoch': '0.782'}
{'loss': '7.684', 'grad_norm': '1.517', 'learning_rate': '4.367e-05', 'epoch': '0.7826'}
{'loss': '8.379', 'grad_norm': '1.022', 'learning_rate': '4.355e-05', 'epoch': '0.7832'}
{'loss': '6.593', 'grad_norm': '0.9377', 'learning_rate': '4.343e-05', 'epoch': '0.7838'}
{'loss': '7.888', 'grad_norm': '1.467', 'learning_rate': '4.331e-05', 'epoch': '0.7844'}
{'loss': '8.57', 'grad_norm': '1.051', 'learning_rate': '4.318e-05', 'epoch': '0.785'}
{'loss': '8.297', 'grad_norm': '0.9983', 'learning_rate': '4.306e-05', 'epoch': '0.7856'}
{'loss': '7.52', 'grad_norm': '1.413', 'learning_rate': '4.294e-05', 'epoch': '0.7862'}
{'loss': '9.097', 'grad_norm': '1.154', 'learning_rate': '4.282e-05', 'epoch': '0.7868'}
{'loss': '9.624', 'grad_norm': '1.223', 'learning_rate': '4.27e-05', 'epoch': '0.7874'}
{'loss': '8.124', 'grad_norm': '1.242', 'learning_rate': '4.258e-05', 'epoch': '0.7881'}
{'loss': '8.385', 'grad_norm': '1.307', 'learning_rate': '4.246e-05', 'epoch': '0.7887'}
{'loss': '7.144', 'grad_norm': '1.026', 'learning_rate': '4.234e-05', 'epoch': '0.7893'}
{'loss': '9.612', 'grad_norm': '1.212', 'learning_rate': '4.222e-05', 'epoch': '0.7899'}
{'loss': '8.429', 'grad_norm': '1.347', 'learning_rate': '4.21e-05', 'epoch': '0.7905'}
{'loss': '10.06', 'grad_norm': '1.05', 'learning_rate': '4.198e-05', 'epoch': '0.7911'}
{'loss': '8.385', 'grad_norm': '1.085', 'learning_rate': '4.186e-05', 'epoch': '0.7917'}
{'loss': '10.65', 'grad_norm': '1.063', 'learning_rate': '4.174e-05', 'epoch': '0.7923'}
{'loss': '8.391', 'grad_norm': '0.9976', 'learning_rate': '4.162e-05', 'epoch': '0.7929'}
{'loss': '7.759', 'grad_norm': '2.013', 'learning_rate': '4.15e-05', 'epoch': '0.7935'}
{'loss': '9.042', 'grad_norm': '1.041', 'learning_rate': '4.138e-05', 'epoch': '0.7941'}
{'loss': '6.685', 'grad_norm': '0.9449', 'learning_rate': '4.125e-05', 'epoch': '0.7947'}
{'loss': '7.661', 'grad_norm': '1.214', 'learning_rate': '4.113e-05', 'epoch': '0.7953'}
{'loss': '8.246', 'grad_norm': '1.495', 'learning_rate': '4.101e-05', 'epoch': '0.7959'}
{'loss': '9.484', 'grad_norm': '1.174', 'learning_rate': '4.089e-05', 'epoch': '0.7965'}
{'loss': '10.03', 'grad_norm': '1.144', 'learning_rate': '4.077e-05', 'epoch': '0.7971'}
{'loss': '8.243', 'grad_norm': '1.391', 'learning_rate': '4.065e-05', 'epoch': '0.7977'}
{'loss': '9.577', 'grad_norm': '1.512', 'learning_rate': '4.053e-05', 'epoch': '0.7983'}
{'loss': '7.902', 'grad_norm': '1.476', 'learning_rate': '4.041e-05', 'epoch': '0.7989'}
{'loss': '8.858', 'grad_norm': '1.213', 'learning_rate': '4.029e-05', 'epoch': '0.7995'}
{'loss': '9.163', 'grad_norm': '1.161', 'learning_rate': '4.017e-05', 'epoch': '0.8001'}
{'loss': '7.809', 'grad_norm': '1.166', 'learning_rate': '4.005e-05', 'epoch': '0.8007'}
{'loss': '6.816', 'grad_norm': '1.046', 'learning_rate': '3.993e-05', 'epoch': '0.8013'}
{'loss': '9.605', 'grad_norm': '1.183', 'learning_rate': '3.981e-05', 'epoch': '0.8019'}
{'loss': '8.538', 'grad_norm': '1.163', 'learning_rate': '3.969e-05', 'epoch': '0.8025'}
{'loss': '9.002', 'grad_norm': '1.238', 'learning_rate': '3.957e-05', 'epoch': '0.8031'}
{'loss': '8.852', 'grad_norm': '1.138', 'learning_rate': '3.945e-05', 'epoch': '0.8037'}
{'loss': '8.977', 'grad_norm': '0.9955', 'learning_rate': '3.932e-05', 'epoch': '0.8043'}
{'loss': '10.16', 'grad_norm': '1.426', 'learning_rate': '3.92e-05', 'epoch': '0.8049'}
{'loss': '8.242', 'grad_norm': '1.119', 'learning_rate': '3.908e-05', 'epoch': '0.8056'}
{'loss': '9.748', 'grad_norm': '1.134', 'learning_rate': '3.896e-05', 'epoch': '0.8062'}
{'loss': '7.026', 'grad_norm': '1.097', 'learning_rate': '3.884e-05', 'epoch': '0.8068'}
{'loss': '8.778', 'grad_norm': '1.574', 'learning_rate': '3.872e-05', 'epoch': '0.8074'}
{'loss': '8.034', 'grad_norm': '1.114', 'learning_rate': '3.86e-05', 'epoch': '0.808'}
{'loss': '8.569', 'grad_norm': '1.064', 'learning_rate': '3.848e-05', 'epoch': '0.8086'}
{'loss': '9.076', 'grad_norm': '1.153', 'learning_rate': '3.836e-05', 'epoch': '0.8092'}
{'loss': '9.595', 'grad_norm': '1.807', 'learning_rate': '3.824e-05', 'epoch': '0.8098'}
{'loss': '8.866', 'grad_norm': '1.361', 'learning_rate': '3.812e-05', 'epoch': '0.8104'}
{'loss': '10.42', 'grad_norm': '1.177', 'learning_rate': '3.8e-05', 'epoch': '0.811'}
{'loss': '8.925', 'grad_norm': '1.641', 'learning_rate': '3.788e-05', 'epoch': '0.8116'}
{'loss': '9.053', 'grad_norm': '1.252', 'learning_rate': '3.776e-05', 'epoch': '0.8122'}
{'loss': '7.463', 'grad_norm': '0.8749', 'learning_rate': '3.764e-05', 'epoch': '0.8128'}
{'loss': '9.687', 'grad_norm': '0.8152', 'learning_rate': '3.752e-05', 'epoch': '0.8134'}
{'loss': '8.119', 'grad_norm': '1.076', 'learning_rate': '3.739e-05', 'epoch': '0.814'}
{'loss': '8.174', 'grad_norm': '1.071', 'learning_rate': '3.727e-05', 'epoch': '0.8146'}
{'loss': '7.632', 'grad_norm': '1.222', 'learning_rate': '3.715e-05', 'epoch': '0.8152'}
{'loss': '8.6', 'grad_norm': '1.287', 'learning_rate': '3.703e-05', 'epoch': '0.8158'}
{'loss': '7.31', 'grad_norm': '0.9809', 'learning_rate': '3.691e-05', 'epoch': '0.8164'}
{'loss': '9.158', 'grad_norm': '0.8786', 'learning_rate': '3.679e-05', 'epoch': '0.817'}
{'loss': '8.513', 'grad_norm': '0.9608', 'learning_rate': '3.667e-05', 'epoch': '0.8176'}
{'loss': '7.941', 'grad_norm': '1.13', 'learning_rate': '3.655e-05', 'epoch': '0.8182'}
{'loss': '7.62', 'grad_norm': '0.9708', 'learning_rate': '3.643e-05', 'epoch': '0.8188'}
{'loss': '8.832', 'grad_norm': '0.9859', 'learning_rate': '3.631e-05', 'epoch': '0.8194'}
{'loss': '8.502', 'grad_norm': '1.68', 'learning_rate': '3.619e-05', 'epoch': '0.82'}
{'loss': '8.844', 'grad_norm': '1.352', 'learning_rate': '3.607e-05', 'epoch': '0.8206'}
{'loss': '9.031', 'grad_norm': '1.164', 'learning_rate': '3.595e-05', 'epoch': '0.8212'}
{'loss': '9.137', 'grad_norm': '1.133', 'learning_rate': '3.583e-05', 'epoch': '0.8218'}
{'loss': '9.635', 'grad_norm': '1.157', 'learning_rate': '3.571e-05', 'epoch': '0.8224'}
{'loss': '7.582', 'grad_norm': '1.319', 'learning_rate': '3.559e-05', 'epoch': '0.8231'}
{'loss': '8.654', 'grad_norm': '1.042', 'learning_rate': '3.546e-05', 'epoch': '0.8237'}
{'loss': '8.403', 'grad_norm': '1.352', 'learning_rate': '3.534e-05', 'epoch': '0.8243'}
{'loss': '8.953', 'grad_norm': '1.046', 'learning_rate': '3.522e-05', 'epoch': '0.8249'}
{'loss': '8.352', 'grad_norm': '0.9576', 'learning_rate': '3.51e-05', 'epoch': '0.8255'}
{'loss': '8.026', 'grad_norm': '1.16', 'learning_rate': '3.498e-05', 'epoch': '0.8261'}
{'loss': '8.838', 'grad_norm': '1.052', 'learning_rate': '3.486e-05', 'epoch': '0.8267'}
{'loss': '7.243', 'grad_norm': '0.908', 'learning_rate': '3.474e-05', 'epoch': '0.8273'}
{'loss': '7.445', 'grad_norm': '1.093', 'learning_rate': '3.462e-05', 'epoch': '0.8279'}
{'loss': '6.81', 'grad_norm': '0.9924', 'learning_rate': '3.45e-05', 'epoch': '0.8285'}
{'loss': '10.27', 'grad_norm': '1.067', 'learning_rate': '3.438e-05', 'epoch': '0.8291'}
{'loss': '9.824', 'grad_norm': '1.155', 'learning_rate': '3.426e-05', 'epoch': '0.8297'}
{'loss': '8.501', 'grad_norm': '1.004', 'learning_rate': '3.414e-05', 'epoch': '0.8303'}
{'loss': '10.19', 'grad_norm': '1.237', 'learning_rate': '3.402e-05', 'epoch': '0.8309'}
{'loss': '8.804', 'grad_norm': '1.764', 'learning_rate': '3.39e-05', 'epoch': '0.8315'}
{'loss': '9.657', 'grad_norm': '0.9771', 'learning_rate': '3.378e-05', 'epoch': '0.8321'}
{'loss': '7.483', 'grad_norm': '1.169', 'learning_rate': '3.366e-05', 'epoch': '0.8327'}
{'loss': '8.71', 'grad_norm': '1.482', 'learning_rate': '3.353e-05', 'epoch': '0.8333'}
{'loss': '9.798', 'grad_norm': '1.039', 'learning_rate': '3.341e-05', 'epoch': '0.8339'}
{'loss': '9.68', 'grad_norm': '1.001', 'learning_rate': '3.329e-05', 'epoch': '0.8345'}
{'loss': '8.244', 'grad_norm': '1.001', 'learning_rate': '3.317e-05', 'epoch': '0.8351'}
{'loss': '8.922', 'grad_norm': '1.26', 'learning_rate': '3.305e-05', 'epoch': '0.8357'}
{'loss': '8.544', 'grad_norm': '1.391', 'learning_rate': '3.293e-05', 'epoch': '0.8363'}
{'loss': '11.24', 'grad_norm': '1.36', 'learning_rate': '3.281e-05', 'epoch': '0.8369'}
{'loss': '8.55', 'grad_norm': '0.9896', 'learning_rate': '3.269e-05', 'epoch': '0.8375'}
{'loss': '7.667', 'grad_norm': '1.875', 'learning_rate': '3.257e-05', 'epoch': '0.8381'}
{'loss': '8.584', 'grad_norm': '1.096', 'learning_rate': '3.245e-05', 'epoch': '0.8387'}
{'loss': '9.99', 'grad_norm': '1.577', 'learning_rate': '3.233e-05', 'epoch': '0.8393'}
{'loss': '9.452', 'grad_norm': '0.9626', 'learning_rate': '3.221e-05', 'epoch': '0.8399'}
{'loss': '7.447', 'grad_norm': '1.285', 'learning_rate': '3.209e-05', 'epoch': '0.8405'}
{'loss': '8.2', 'grad_norm': '1.171', 'learning_rate': '3.197e-05', 'epoch': '0.8412'}
{'loss': '9.229', 'grad_norm': '1.126', 'learning_rate': '3.185e-05', 'epoch': '0.8418'}
{'loss': '8.281', 'grad_norm': '1.417', 'learning_rate': '3.172e-05', 'epoch': '0.8424'}
{'loss': '7.868', 'grad_norm': '1.125', 'learning_rate': '3.16e-05', 'epoch': '0.843'}
{'loss': '9.679', 'grad_norm': '1.053', 'learning_rate': '3.148e-05', 'epoch': '0.8436'}
{'loss': '9.509', 'grad_norm': '0.8799', 'learning_rate': '3.136e-05', 'epoch': '0.8442'}
{'loss': '8.397', 'grad_norm': '0.9737', 'learning_rate': '3.124e-05', 'epoch': '0.8448'}
{'loss': '10.09', 'grad_norm': '0.9889', 'learning_rate': '3.112e-05', 'epoch': '0.8454'}
{'loss': '7.819', 'grad_norm': '1.115', 'learning_rate': '3.1e-05', 'epoch': '0.846'}
{'loss': '10.48', 'grad_norm': '1.111', 'learning_rate': '3.088e-05', 'epoch': '0.8466'}
{'loss': '7.871', 'grad_norm': '1.058', 'learning_rate': '3.076e-05', 'epoch': '0.8472'}
{'loss': '8.786', 'grad_norm': '1.089', 'learning_rate': '3.064e-05', 'epoch': '0.8478'}
{'loss': '7.895', 'grad_norm': '1.319', 'learning_rate': '3.052e-05', 'epoch': '0.8484'}
{'loss': '8.428', 'grad_norm': '3.722', 'learning_rate': '3.04e-05', 'epoch': '0.849'}
{'loss': '8.056', 'grad_norm': '0.7732', 'learning_rate': '3.028e-05', 'epoch': '0.8496'}
{'loss': '7.874', 'grad_norm': '1.072', 'learning_rate': '3.016e-05', 'epoch': '0.8502'}
{'loss': '8.492', 'grad_norm': '1.154', 'learning_rate': '3.004e-05', 'epoch': '0.8508'}
{'loss': '8.388', 'grad_norm': '1.492', 'learning_rate': '2.992e-05', 'epoch': '0.8514'}
{'loss': '7.099', 'grad_norm': '1.317', 'learning_rate': '2.979e-05', 'epoch': '0.852'}
{'loss': '8.893', 'grad_norm': '1.151', 'learning_rate': '2.967e-05', 'epoch': '0.8526'}
{'loss': '8.451', 'grad_norm': '1.13', 'learning_rate': '2.955e-05', 'epoch': '0.8532'}
{'loss': '9.612', 'grad_norm': '1.177', 'learning_rate': '2.943e-05', 'epoch': '0.8538'}
{'loss': '9.706', 'grad_norm': '1.232', 'learning_rate': '2.931e-05', 'epoch': '0.8544'}
{'loss': '8.584', 'grad_norm': '1.046', 'learning_rate': '2.919e-05', 'epoch': '0.855'}
{'loss': '7.34', 'grad_norm': '1.987', 'learning_rate': '2.907e-05', 'epoch': '0.8556'}
{'loss': '7.921', 'grad_norm': '1.331', 'learning_rate': '2.895e-05', 'epoch': '0.8562'}
{'loss': '8.549', 'grad_norm': '1.02', 'learning_rate': '2.883e-05', 'epoch': '0.8568'}
{'loss': '8.76', 'grad_norm': '0.8774', 'learning_rate': '2.871e-05', 'epoch': '0.8574'}
{'loss': '9.898', 'grad_norm': '1.072', 'learning_rate': '2.859e-05', 'epoch': '0.858'}
{'loss': '8.18', 'grad_norm': '1.193', 'learning_rate': '2.847e-05', 'epoch': '0.8587'}
{'loss': '9.622', 'grad_norm': '1.18', 'learning_rate': '2.835e-05', 'epoch': '0.8593'}
{'loss': '8.846', 'grad_norm': '1.074', 'learning_rate': '2.823e-05', 'epoch': '0.8599'}
{'loss': '9.53', 'grad_norm': '1.25', 'learning_rate': '2.811e-05', 'epoch': '0.8605'}
{'loss': '8.835', 'grad_norm': '1.154', 'learning_rate': '2.799e-05', 'epoch': '0.8611'}
{'loss': '9.26', 'grad_norm': '1.115', 'learning_rate': '2.786e-05', 'epoch': '0.8617'}
{'loss': '6.886', 'grad_norm': '1.149', 'learning_rate': '2.774e-05', 'epoch': '0.8623'}
{'loss': '10.25', 'grad_norm': '1.022', 'learning_rate': '2.762e-05', 'epoch': '0.8629'}
{'loss': '8.436', 'grad_norm': '0.9922', 'learning_rate': '2.75e-05', 'epoch': '0.8635'}
{'loss': '8.154', 'grad_norm': '0.9412', 'learning_rate': '2.738e-05', 'epoch': '0.8641'}
{'loss': '7.763', 'grad_norm': '1.025', 'learning_rate': '2.726e-05', 'epoch': '0.8647'}
{'loss': '9.341', 'grad_norm': '1.297', 'learning_rate': '2.714e-05', 'epoch': '0.8653'}
{'loss': '7.665', 'grad_norm': '1.149', 'learning_rate': '2.702e-05', 'epoch': '0.8659'}
{'loss': '7.649', 'grad_norm': '1.072', 'learning_rate': '2.69e-05', 'epoch': '0.8665'}
{'loss': '10.04', 'grad_norm': '1.093', 'learning_rate': '2.678e-05', 'epoch': '0.8671'}
{'loss': '11.03', 'grad_norm': '1.171', 'learning_rate': '2.666e-05', 'epoch': '0.8677'}
{'loss': '8.615', 'grad_norm': '0.9743', 'learning_rate': '2.654e-05', 'epoch': '0.8683'}
{'loss': '9.32', 'grad_norm': '1.112', 'learning_rate': '2.642e-05', 'epoch': '0.8689'}
{'loss': '6.726', 'grad_norm': '1.03', 'learning_rate': '2.63e-05', 'epoch': '0.8695'}
{'loss': '10', 'grad_norm': '1.215', 'learning_rate': '2.618e-05', 'epoch': '0.8701'}
{'loss': '7.986', 'grad_norm': '1.432', 'learning_rate': '2.606e-05', 'epoch': '0.8707'}
{'loss': '8.189', 'grad_norm': '1.159', 'learning_rate': '2.593e-05', 'epoch': '0.8713'}
{'loss': '10.04', 'grad_norm': '1.291', 'learning_rate': '2.581e-05', 'epoch': '0.8719'}
{'loss': '9.265', 'grad_norm': '1.397', 'learning_rate': '2.569e-05', 'epoch': '0.8725'}
{'loss': '8.696', 'grad_norm': '1.201', 'learning_rate': '2.557e-05', 'epoch': '0.8731'}
{'loss': '8.576', 'grad_norm': '0.9671', 'learning_rate': '2.545e-05', 'epoch': '0.8737'}
{'loss': '8.536', 'grad_norm': '1.098', 'learning_rate': '2.533e-05', 'epoch': '0.8743'}
{'loss': '9.427', 'grad_norm': '0.9378', 'learning_rate': '2.521e-05', 'epoch': '0.8749'}
{'loss': '8.675', 'grad_norm': '1.562', 'learning_rate': '2.509e-05', 'epoch': '0.8755'}
{'loss': '7.801', 'grad_norm': '1.014', 'learning_rate': '2.497e-05', 'epoch': '0.8762'}
{'loss': '10.21', 'grad_norm': '1.008', 'learning_rate': '2.485e-05', 'epoch': '0.8768'}
{'loss': '7.364', 'grad_norm': '0.9821', 'learning_rate': '2.473e-05', 'epoch': '0.8774'}
{'loss': '8.899', 'grad_norm': '1.237', 'learning_rate': '2.461e-05', 'epoch': '0.878'}
{'loss': '8.873', 'grad_norm': '1.269', 'learning_rate': '2.449e-05', 'epoch': '0.8786'}
{'loss': '7.732', 'grad_norm': '1.326', 'learning_rate': '2.437e-05', 'epoch': '0.8792'}
{'loss': '8.45', 'grad_norm': '1.148', 'learning_rate': '2.425e-05', 'epoch': '0.8798'}
{'loss': '9.513', 'grad_norm': '2.942', 'learning_rate': '2.413e-05', 'epoch': '0.8804'}
{'loss': '7.073', 'grad_norm': '1.23', 'learning_rate': '2.4e-05', 'epoch': '0.881'}
{'loss': '8.789', 'grad_norm': '1.255', 'learning_rate': '2.388e-05', 'epoch': '0.8816'}
{'loss': '8.456', 'grad_norm': '1.105', 'learning_rate': '2.376e-05', 'epoch': '0.8822'}
{'loss': '8', 'grad_norm': '1.323', 'learning_rate': '2.364e-05', 'epoch': '0.8828'}
{'loss': '8.999', 'grad_norm': '0.8909', 'learning_rate': '2.352e-05', 'epoch': '0.8834'}
{'loss': '7.879', 'grad_norm': '1.297', 'learning_rate': '2.34e-05', 'epoch': '0.884'}
{'loss': '8.972', 'grad_norm': '1.003', 'learning_rate': '2.328e-05', 'epoch': '0.8846'}
{'loss': '8.377', 'grad_norm': '1.193', 'learning_rate': '2.316e-05', 'epoch': '0.8852'}
{'loss': '9.105', 'grad_norm': '1.428', 'learning_rate': '2.304e-05', 'epoch': '0.8858'}
{'loss': '8.491', 'grad_norm': '1.096', 'learning_rate': '2.292e-05', 'epoch': '0.8864'}
{'loss': '7.502', 'grad_norm': '1.255', 'learning_rate': '2.28e-05', 'epoch': '0.887'}
{'loss': '8.891', 'grad_norm': '1.08', 'learning_rate': '2.268e-05', 'epoch': '0.8876'}
{'loss': '8.572', 'grad_norm': '1.105', 'learning_rate': '2.256e-05', 'epoch': '0.8882'}
{'loss': '9.088', 'grad_norm': '0.9219', 'learning_rate': '2.244e-05', 'epoch': '0.8888'}
{'loss': '8.966', 'grad_norm': '0.9556', 'learning_rate': '2.232e-05', 'epoch': '0.8894'}
{'loss': '7.671', 'grad_norm': '0.898', 'learning_rate': '2.22e-05', 'epoch': '0.89'}
{'loss': '8.103', 'grad_norm': '1.047', 'learning_rate': '2.207e-05', 'epoch': '0.8906'}
{'loss': '9.038', 'grad_norm': '1.281', 'learning_rate': '2.195e-05', 'epoch': '0.8912'}
{'loss': '9.196', 'grad_norm': '1.103', 'learning_rate': '2.183e-05', 'epoch': '0.8918'}
{'loss': '10.05', 'grad_norm': '1.197', 'learning_rate': '2.171e-05', 'epoch': '0.8924'}
{'loss': '8.06', 'grad_norm': '1.221', 'learning_rate': '2.159e-05', 'epoch': '0.893'}
{'loss': '7.62', 'grad_norm': '1.48', 'learning_rate': '2.147e-05', 'epoch': '0.8936'}
{'loss': '8.242', 'grad_norm': '1.155', 'learning_rate': '2.135e-05', 'epoch': '0.8943'}
{'loss': '9.396', 'grad_norm': '1.133', 'learning_rate': '2.123e-05', 'epoch': '0.8949'}
{'loss': '7.721', 'grad_norm': '1.257', 'learning_rate': '2.111e-05', 'epoch': '0.8955'}
{'loss': '8.848', 'grad_norm': '0.9835', 'learning_rate': '2.099e-05', 'epoch': '0.8961'}
{'loss': '7.036', 'grad_norm': '1.02', 'learning_rate': '2.087e-05', 'epoch': '0.8967'}
{'loss': '7.45', 'grad_norm': '1.134', 'learning_rate': '2.075e-05', 'epoch': '0.8973'}
{'loss': '8.205', 'grad_norm': '1.23', 'learning_rate': '2.063e-05', 'epoch': '0.8979'}
{'loss': '9.679', 'grad_norm': '1.251', 'learning_rate': '2.051e-05', 'epoch': '0.8985'}
{'loss': '9.595', 'grad_norm': '1.234', 'learning_rate': '2.039e-05', 'epoch': '0.8991'}
{'loss': '9.331', 'grad_norm': '1.038', 'learning_rate': '2.027e-05', 'epoch': '0.8997'}
{'loss': '9.67', 'grad_norm': '0.9234', 'learning_rate': '2.014e-05', 'epoch': '0.9003'}
{'loss': '6.626', 'grad_norm': '0.9932', 'learning_rate': '2.002e-05', 'epoch': '0.9009'}
{'loss': '9.742', 'grad_norm': '1.217', 'learning_rate': '1.99e-05', 'epoch': '0.9015'}
{'loss': '8.524', 'grad_norm': '0.948', 'learning_rate': '1.978e-05', 'epoch': '0.9021'}
{'loss': '7.385', 'grad_norm': '1.065', 'learning_rate': '1.966e-05', 'epoch': '0.9027'}
{'loss': '8.471', 'grad_norm': '1.107', 'learning_rate': '1.954e-05', 'epoch': '0.9033'}
{'loss': '9.656', 'grad_norm': '1.559', 'learning_rate': '1.942e-05', 'epoch': '0.9039'}
{'loss': '8.015', 'grad_norm': '1.009', 'learning_rate': '1.93e-05', 'epoch': '0.9045'}
{'loss': '7.254', 'grad_norm': '1.151', 'learning_rate': '1.918e-05', 'epoch': '0.9051'}
{'loss': '8.665', 'grad_norm': '1.102', 'learning_rate': '1.906e-05', 'epoch': '0.9057'}
{'loss': '9.11', 'grad_norm': '0.9469', 'learning_rate': '1.894e-05', 'epoch': '0.9063'}
{'loss': '8.374', 'grad_norm': '1.233', 'learning_rate': '1.882e-05', 'epoch': '0.9069'}
{'loss': '8.058', 'grad_norm': '0.9416', 'learning_rate': '1.87e-05', 'epoch': '0.9075'}
{'loss': '9.123', 'grad_norm': '1.153', 'learning_rate': '1.858e-05', 'epoch': '0.9081'}
{'loss': '8.752', 'grad_norm': '1.155', 'learning_rate': '1.846e-05', 'epoch': '0.9087'}
{'loss': '9.134', 'grad_norm': '0.8113', 'learning_rate': '1.834e-05', 'epoch': '0.9093'}
{'loss': '9.15', 'grad_norm': '0.9466', 'learning_rate': '1.821e-05', 'epoch': '0.9099'}
{'loss': '9.199', 'grad_norm': '1.063', 'learning_rate': '1.809e-05', 'epoch': '0.9105'}
{'loss': '7.97', 'grad_norm': '1.071', 'learning_rate': '1.797e-05', 'epoch': '0.9111'}
{'loss': '9.633', 'grad_norm': '19.06', 'learning_rate': '1.785e-05', 'epoch': '0.9118'}
{'loss': '9.932', 'grad_norm': '1.129', 'learning_rate': '1.773e-05', 'epoch': '0.9124'}
{'loss': '7.501', 'grad_norm': '1.057', 'learning_rate': '1.761e-05', 'epoch': '0.913'}
{'loss': '8.586', 'grad_norm': '1.327', 'learning_rate': '1.749e-05', 'epoch': '0.9136'}
{'loss': '9.214', 'grad_norm': '1.108', 'learning_rate': '1.737e-05', 'epoch': '0.9142'}
{'loss': '7.631', 'grad_norm': '0.8781', 'learning_rate': '1.725e-05', 'epoch': '0.9148'}
{'loss': '9.4', 'grad_norm': '1.101', 'learning_rate': '1.713e-05', 'epoch': '0.9154'}
{'loss': '9.12', 'grad_norm': '1.09', 'learning_rate': '1.701e-05', 'epoch': '0.916'}
{'loss': '8.731', 'grad_norm': '1.347', 'learning_rate': '1.689e-05', 'epoch': '0.9166'}
{'loss': '6.533', 'grad_norm': '1.269', 'learning_rate': '1.677e-05', 'epoch': '0.9172'}
{'loss': '9.877', 'grad_norm': '1.595', 'learning_rate': '1.665e-05', 'epoch': '0.9178'}
{'loss': '10.03', 'grad_norm': '1.13', 'learning_rate': '1.653e-05', 'epoch': '0.9184'}
{'loss': '8.67', 'grad_norm': '1.325', 'learning_rate': '1.641e-05', 'epoch': '0.919'}
{'loss': '7.217', 'grad_norm': '1.167', 'learning_rate': '1.628e-05', 'epoch': '0.9196'}
{'loss': '8.505', 'grad_norm': '0.9244', 'learning_rate': '1.616e-05', 'epoch': '0.9202'}
{'loss': '6.74', 'grad_norm': '1.187', 'learning_rate': '1.604e-05', 'epoch': '0.9208'}
{'loss': '7.662', 'grad_norm': '1.213', 'learning_rate': '1.592e-05', 'epoch': '0.9214'}
{'loss': '10.48', 'grad_norm': '1.066', 'learning_rate': '1.58e-05', 'epoch': '0.922'}
{'loss': '9.957', 'grad_norm': '1.648', 'learning_rate': '1.568e-05', 'epoch': '0.9226'}
{'loss': '8.796', 'grad_norm': '1.57', 'learning_rate': '1.556e-05', 'epoch': '0.9232'}
{'loss': '7.532', 'grad_norm': '1.029', 'learning_rate': '1.544e-05', 'epoch': '0.9238'}
{'loss': '9.025', 'grad_norm': '1.336', 'learning_rate': '1.532e-05', 'epoch': '0.9244'}
{'loss': '9.186', 'grad_norm': '1.626', 'learning_rate': '1.52e-05', 'epoch': '0.925'}
{'loss': '8.545', 'grad_norm': '1.332', 'learning_rate': '1.508e-05', 'epoch': '0.9256'}
{'loss': '8.049', 'grad_norm': '1.215', 'learning_rate': '1.496e-05', 'epoch': '0.9262'}
{'loss': '9.234', 'grad_norm': '0.9451', 'learning_rate': '1.484e-05', 'epoch': '0.9268'}
{'loss': '7.75', 'grad_norm': '1.348', 'learning_rate': '1.472e-05', 'epoch': '0.9274'}
{'loss': '9.241', 'grad_norm': '1.151', 'learning_rate': '1.46e-05', 'epoch': '0.928'}
{'loss': '9.693', 'grad_norm': '1.443', 'learning_rate': '1.448e-05', 'epoch': '0.9286'}
{'loss': '7.3', 'grad_norm': '0.9372', 'learning_rate': '1.435e-05', 'epoch': '0.9293'}
{'loss': '8.145', 'grad_norm': '1.363', 'learning_rate': '1.423e-05', 'epoch': '0.9299'}
{'loss': '10.32', 'grad_norm': '1.008', 'learning_rate': '1.411e-05', 'epoch': '0.9305'}
{'loss': '8.988', 'grad_norm': '1.576', 'learning_rate': '1.399e-05', 'epoch': '0.9311'}
{'loss': '7.607', 'grad_norm': '1.335', 'learning_rate': '1.387e-05', 'epoch': '0.9317'}
{'loss': '7.587', 'grad_norm': '1.085', 'learning_rate': '1.375e-05', 'epoch': '0.9323'}
{'loss': '9.108', 'grad_norm': '1.168', 'learning_rate': '1.363e-05', 'epoch': '0.9329'}
{'loss': '8.567', 'grad_norm': '1.212', 'learning_rate': '1.351e-05', 'epoch': '0.9335'}
{'loss': '8.483', 'grad_norm': '1.151', 'learning_rate': '1.339e-05', 'epoch': '0.9341'}
{'loss': '9.114', 'grad_norm': '1.241', 'learning_rate': '1.327e-05', 'epoch': '0.9347'}
{'loss': '8.087', 'grad_norm': '1.414', 'learning_rate': '1.315e-05', 'epoch': '0.9353'}
{'loss': '8.32', 'grad_norm': '1.043', 'learning_rate': '1.303e-05', 'epoch': '0.9359'}
{'loss': '8.899', 'grad_norm': '1.115', 'learning_rate': '1.291e-05', 'epoch': '0.9365'}
{'loss': '9.887', 'grad_norm': '1.261', 'learning_rate': '1.279e-05', 'epoch': '0.9371'}
{'loss': '8.844', 'grad_norm': '2.002', 'learning_rate': '1.267e-05', 'epoch': '0.9377'}
{'loss': '8.427', 'grad_norm': '0.9949', 'learning_rate': '1.255e-05', 'epoch': '0.9383'}
{'loss': '7.258', 'grad_norm': '1.185', 'learning_rate': '1.242e-05', 'epoch': '0.9389'}
{'loss': '9.374', 'grad_norm': '1.524', 'learning_rate': '1.23e-05', 'epoch': '0.9395'}
{'loss': '9.182', 'grad_norm': '1.369', 'learning_rate': '1.218e-05', 'epoch': '0.9401'}
{'loss': '8.744', 'grad_norm': '1.262', 'learning_rate': '1.206e-05', 'epoch': '0.9407'}
{'loss': '7.709', 'grad_norm': '1.115', 'learning_rate': '1.194e-05', 'epoch': '0.9413'}
{'loss': '8.376', 'grad_norm': '1.096', 'learning_rate': '1.182e-05', 'epoch': '0.9419'}
{'loss': '7.715', 'grad_norm': '1.475', 'learning_rate': '1.17e-05', 'epoch': '0.9425'}
{'loss': '8.654', 'grad_norm': '1.094', 'learning_rate': '1.158e-05', 'epoch': '0.9431'}
{'loss': '8.981', 'grad_norm': '1.313', 'learning_rate': '1.146e-05', 'epoch': '0.9437'}
{'loss': '8.023', 'grad_norm': '1.167', 'learning_rate': '1.134e-05', 'epoch': '0.9443'}
{'loss': '8.021', 'grad_norm': '1.439', 'learning_rate': '1.122e-05', 'epoch': '0.9449'}
{'loss': '8.858', 'grad_norm': '1.136', 'learning_rate': '1.11e-05', 'epoch': '0.9455'}
{'loss': '8.502', 'grad_norm': '1.29', 'learning_rate': '1.098e-05', 'epoch': '0.9461'}
{'loss': '7.874', 'grad_norm': '1.11', 'learning_rate': '1.086e-05', 'epoch': '0.9467'}
{'loss': '8.495', 'grad_norm': '1.144', 'learning_rate': '1.074e-05', 'epoch': '0.9474'}
{'loss': '9.647', 'grad_norm': '1.378', 'learning_rate': '1.062e-05', 'epoch': '0.948'}
{'loss': '8.415', 'grad_norm': '1.18', 'learning_rate': '1.049e-05', 'epoch': '0.9486'}
{'loss': '8.648', 'grad_norm': '1.293', 'learning_rate': '1.037e-05', 'epoch': '0.9492'}
{'loss': '7.419', 'grad_norm': '1.133', 'learning_rate': '1.025e-05', 'epoch': '0.9498'}
{'loss': '8.467', 'grad_norm': '1.168', 'learning_rate': '1.013e-05', 'epoch': '0.9504'}
{'loss': '7.744', 'grad_norm': '1.52', 'learning_rate': '1.001e-05', 'epoch': '0.951'}
{'loss': '8.141', 'grad_norm': '0.9848', 'learning_rate': '9.891e-06', 'epoch': '0.9516'}
{'loss': '9.838', 'grad_norm': '1.172', 'learning_rate': '9.771e-06', 'epoch': '0.9522'}
{'loss': '8.588', 'grad_norm': '1.195', 'learning_rate': '9.65e-06', 'epoch': '0.9528'}
{'loss': '8.983', 'grad_norm': '0.9586', 'learning_rate': '9.53e-06', 'epoch': '0.9534'}
{'loss': '8.496', 'grad_norm': '1.127', 'learning_rate': '9.409e-06', 'epoch': '0.954'}
{'loss': '6.547', 'grad_norm': '1.087', 'learning_rate': '9.288e-06', 'epoch': '0.9546'}
{'loss': '7.778', 'grad_norm': '1.044', 'learning_rate': '9.168e-06', 'epoch': '0.9552'}
{'loss': '7.848', 'grad_norm': '1.792', 'learning_rate': '9.047e-06', 'epoch': '0.9558'}
{'loss': '9.522', 'grad_norm': '1.373', 'learning_rate': '8.926e-06', 'epoch': '0.9564'}
{'loss': '8.899', 'grad_norm': '1.114', 'learning_rate': '8.806e-06', 'epoch': '0.957'}
{'loss': '9.248', 'grad_norm': '1.024', 'learning_rate': '8.685e-06', 'epoch': '0.9576'}
{'loss': '7.836', 'grad_norm': '0.9227', 'learning_rate': '8.565e-06', 'epoch': '0.9582'}
{'loss': '8.731', 'grad_norm': '1.373', 'learning_rate': '8.444e-06', 'epoch': '0.9588'}
{'loss': '10.33', 'grad_norm': '1.553', 'learning_rate': '8.323e-06', 'epoch': '0.9594'}
{'loss': '9.674', 'grad_norm': '1.147', 'learning_rate': '8.203e-06', 'epoch': '0.96'}
{'loss': '8.002', 'grad_norm': '1.257', 'learning_rate': '8.082e-06', 'epoch': '0.9606'}
{'loss': '9.195', 'grad_norm': '1.134', 'learning_rate': '7.961e-06', 'epoch': '0.9612'}
{'loss': '9.566', 'grad_norm': '1.332', 'learning_rate': '7.841e-06', 'epoch': '0.9618'}
{'loss': '8.815', 'grad_norm': '1.256', 'learning_rate': '7.72e-06', 'epoch': '0.9624'}
{'loss': '7.508', 'grad_norm': '1.12', 'learning_rate': '7.6e-06', 'epoch': '0.963'}
{'loss': '6.717', 'grad_norm': '0.922', 'learning_rate': '7.479e-06', 'epoch': '0.9636'}
{'loss': '9.872', 'grad_norm': '1.224', 'learning_rate': '7.358e-06', 'epoch': '0.9642'}
{'loss': '7.851', 'grad_norm': '1.199', 'learning_rate': '7.238e-06', 'epoch': '0.9649'}
{'loss': '7.7', 'grad_norm': '1.439', 'learning_rate': '7.117e-06', 'epoch': '0.9655'}
{'loss': '9.118', 'grad_norm': '0.9552', 'learning_rate': '6.996e-06', 'epoch': '0.9661'}
{'loss': '8.085', 'grad_norm': '1.362', 'learning_rate': '6.876e-06', 'epoch': '0.9667'}
{'loss': '8.295', 'grad_norm': '1.234', 'learning_rate': '6.755e-06', 'epoch': '0.9673'}
{'loss': '8.768', 'grad_norm': '1.145', 'learning_rate': '6.634e-06', 'epoch': '0.9679'}
{'loss': '9.547', 'grad_norm': '1.059', 'learning_rate': '6.514e-06', 'epoch': '0.9685'}
{'loss': '8.654', 'grad_norm': '0.9985', 'learning_rate': '6.393e-06', 'epoch': '0.9691'}
{'loss': '7.183', 'grad_norm': '1.043', 'learning_rate': '6.273e-06', 'epoch': '0.9697'}
{'loss': '8.357', 'grad_norm': '0.9964', 'learning_rate': '6.152e-06', 'epoch': '0.9703'}
{'loss': '8.657', 'grad_norm': '1.057', 'learning_rate': '6.031e-06', 'epoch': '0.9709'}
{'loss': '8.037', 'grad_norm': '1.085', 'learning_rate': '5.911e-06', 'epoch': '0.9715'}
{'loss': '7.392', 'grad_norm': '1.369', 'learning_rate': '5.79e-06', 'epoch': '0.9721'}
{'loss': '8.926', 'grad_norm': '1.605', 'learning_rate': '5.669e-06', 'epoch': '0.9727'}
{'loss': '8.334', 'grad_norm': '2.626', 'learning_rate': '5.549e-06', 'epoch': '0.9733'}
{'loss': '8.841', 'grad_norm': '1.658', 'learning_rate': '5.428e-06', 'epoch': '0.9739'}
{'loss': '7.552', 'grad_norm': '1.111', 'learning_rate': '5.308e-06', 'epoch': '0.9745'}
{'loss': '8.536', 'grad_norm': '1.077', 'learning_rate': '5.187e-06', 'epoch': '0.9751'}
{'loss': '8.326', 'grad_norm': '1.261', 'learning_rate': '5.066e-06', 'epoch': '0.9757'}
{'loss': '10.57', 'grad_norm': '1.435', 'learning_rate': '4.946e-06', 'epoch': '0.9763'}
{'loss': '9.544', 'grad_norm': '1.27', 'learning_rate': '4.825e-06', 'epoch': '0.9769'}
{'loss': '8.029', 'grad_norm': '0.9837', 'learning_rate': '4.704e-06', 'epoch': '0.9775'}
{'loss': '7.268', 'grad_norm': '1.227', 'learning_rate': '4.584e-06', 'epoch': '0.9781'}
{'loss': '7.631', 'grad_norm': '0.9918', 'learning_rate': '4.463e-06', 'epoch': '0.9787'}
{'loss': '7.794', 'grad_norm': '1.066', 'learning_rate': '4.343e-06', 'epoch': '0.9793'}
{'loss': '8.782', 'grad_norm': '1.146', 'learning_rate': '4.222e-06', 'epoch': '0.9799'}
{'loss': '7.486', 'grad_norm': '1.324', 'learning_rate': '4.101e-06', 'epoch': '0.9805'}
{'loss': '7.966', 'grad_norm': '1.142', 'learning_rate': '3.981e-06', 'epoch': '0.9811'}
{'loss': '9.385', 'grad_norm': '1.266', 'learning_rate': '3.86e-06', 'epoch': '0.9817'}
{'loss': '8.131', 'grad_norm': '1.011', 'learning_rate': '3.739e-06', 'epoch': '0.9824'}
{'loss': '8.191', 'grad_norm': '1.313', 'learning_rate': '3.619e-06', 'epoch': '0.983'}
{'loss': '10.17', 'grad_norm': '3.495', 'learning_rate': '3.498e-06', 'epoch': '0.9836'}
{'loss': '7.619', 'grad_norm': '1.308', 'learning_rate': '3.378e-06', 'epoch': '0.9842'}
{'loss': '8.887', 'grad_norm': '0.9742', 'learning_rate': '3.257e-06', 'epoch': '0.9848'}
{'loss': '10.49', 'grad_norm': '0.991', 'learning_rate': '3.136e-06', 'epoch': '0.9854'}
{'loss': '9.474', 'grad_norm': '0.9296', 'learning_rate': '3.016e-06', 'epoch': '0.986'}
{'loss': '6.18', 'grad_norm': '1.038', 'learning_rate': '2.895e-06', 'epoch': '0.9866'}
{'loss': '8.135', 'grad_norm': '1.222', 'learning_rate': '2.774e-06', 'epoch': '0.9872'}
{'loss': '7.799', 'grad_norm': '1.275', 'learning_rate': '2.654e-06', 'epoch': '0.9878'}
{'loss': '9.471', 'grad_norm': '1.169', 'learning_rate': '2.533e-06', 'epoch': '0.9884'}
{'loss': '10.54', 'grad_norm': '1.176', 'learning_rate': '2.413e-06', 'epoch': '0.989'}
{'loss': '7.505', 'grad_norm': '1.078', 'learning_rate': '2.292e-06', 'epoch': '0.9896'}
{'loss': '7.892', 'grad_norm': '1.051', 'learning_rate': '2.171e-06', 'epoch': '0.9902'}
{'loss': '9.442', 'grad_norm': '0.9787', 'learning_rate': '2.051e-06', 'epoch': '0.9908'}
{'loss': '8.275', 'grad_norm': '1.866', 'learning_rate': '1.93e-06', 'epoch': '0.9914'}
{'loss': '9.168', 'grad_norm': '0.7719', 'learning_rate': '1.809e-06', 'epoch': '0.992'}
{'loss': '9.197', 'grad_norm': '1.184', 'learning_rate': '1.689e-06', 'epoch': '0.9926'}
{'loss': '8.469', 'grad_norm': '0.998', 'learning_rate': '1.568e-06', 'epoch': '0.9932'}
{'loss': '8.461', 'grad_norm': '1.297', 'learning_rate': '1.448e-06', 'epoch': '0.9938'}
{'loss': '9.263', 'grad_norm': '1.415', 'learning_rate': '1.327e-06', 'epoch': '0.9944'}
{'loss': '8.333', 'grad_norm': '1.182', 'learning_rate': '1.206e-06', 'epoch': '0.995'}
{'loss': '8.249', 'grad_norm': '1.279', 'learning_rate': '1.086e-06', 'epoch': '0.9956'}
{'loss': '8.408', 'grad_norm': '1.083', 'learning_rate': '9.65e-07', 'epoch': '0.9962'}
{'loss': '8.389', 'grad_norm': '0.9312', 'learning_rate': '8.444e-07', 'epoch': '0.9968'}
{'loss': '8.453', 'grad_norm': '1.136', 'learning_rate': '7.238e-07', 'epoch': '0.9974'}
{'loss': '9.65', 'grad_norm': '1.057', 'learning_rate': '6.031e-07', 'epoch': '0.998'}
{'loss': '8.656', 'grad_norm': '1.266', 'learning_rate': '4.825e-07', 'epoch': '0.9986'}
{'loss': '10.94', 'grad_norm': '1.205', 'learning_rate': '3.619e-07', 'epoch': '0.9992'}
{'loss': '9.114', 'grad_norm': '1.115', 'learning_rate': '2.413e-07', 'epoch': '0.9998'}
{'loss': '0.8197', 'grad_norm': '0.9743', 'learning_rate': '1.206e-07', 'epoch': '1'}
{'train_runtime': '6139', 'train_samples_per_second': '2.16', 'train_steps_per_second': '0.27', 'train_loss': '8.835', 'epoch': '1'}
Training finished.
Adapter saved to /Users/luca/Projects/ms-data-science/deep-learning/hw10/t5-samsum/final_adapter

--- Running Inference ---
**Prompt:**
summarize: Allan: Did you hear what happened to Mark?
Greg: No. What?
Allan: He had a fire at his place.
Greg: Really? Was it serious?
Allan: Serious enough. Fire department was there.
Greg: Shit. So, they are more or less fucked.
Allan: What do you mean?
Greg: I had a fire once.
Greg: Whatever the fire leaves, the fire department finishes off.
Allan: Really?
Greg: Yep. All soaked in water.
Allan: So, I guess they are fucked.
Greg: Did they have insurance.
Allan: I don't think so. They just rented the place.
Greg: Let's hope they can blame it on someone.
Allan: Yep.

**Generated Summary:**
Greg and Mark had a fire at Mark's place. Greg and Allan are fucked.t they have insurance.t they just rented the place.t they can blame it on someone.t it on Mark.t it is a serious fire.t it is a serious fire.t it is a serious fire.t it is a serious fire.t it is a fire.t it is

**Ground Truth Summary:**
Mark has had a fire in his flat. Greg is worried the fire department ruined whatever the fire didn't. Allan does not think they had insurance. 
